Customer Name,Visit Date,Bank Name,Rating,Comment,bank_image
AMRENDRA  T,"Mar 21, 2020",SBI,🙂,"""Best saving""",https://static.bankbazaar.com/images/common/bank-logo/sbi-4.png
BISHWA,"Mar 20, 2020",SBI,😀,"""Good service""",https://static.bankbazaar.com/images/common/bank-logo/sbi-4.png
SANTOSH,"Mar 20, 2020",Axis Bank,😀,"""Excellent Service""",https://static.bankbazaar.com/images/common/bank-logo/axis.png
MAHADEV,"Mar 20, 2020",HDFC Bank,😀,"""Excellent service""",https://static.bankbazaar.com/images/common/bank-logo/hdfc.png
MD,"Mar 20, 2020",IDBI,😀,"""Good """,https://static.bankbazaar.com/images/common/bank-logo/idbi.png
DINESH K V,"Mar 20, 2020",SBI,🙂,"""Good account""",https://static.bankbazaar.com/images/common/bank-logo/sbi-4.png
D,"Mar 20, 2020",Kotak,😀,"""Good service""",https://static.bankbazaar.com/images/common/bank-logo/kotak.png
N,"Mar 20, 2020",HDFC Bank,😀,"""Good""",https://static.bankbazaar.com/images/common/bank-logo/hdfc.png
U,"Mar 19, 2020",Axis Bank,😀,"""Good """,https://static.bankbazaar.com/images/common/bank-logo/axis.png
UN,"Mar 19, 2020",Kotak,😀,"""Good """,https://static.bankbazaar.com/images/common/bank-logo/kotak.png
AK,"Mar 19, 2020",SBI,😀,"""Great""",https://static.bankbazaar.com/images/common/bank-logo/sbi-4.png
HI,"Mar 19, 2020",HDFC Bank,😀,"""Great bank """,https://static.bankbazaar.com/images/common/bank-logo/hdfc.png
V,"Mar 19, 2020",SBI,🙂,"""Need to improve in service""",https://static.bankbazaar.com/images/common/bank-logo/sbi-4.png
NAR,"Mar 19, 2020",Axis Bank,🙂,"""Good service""",https://static.bankbazaar.com/images/common/bank-logo/axis.png
,"Mar 19, 2020",SBI,🙂,"""Need to improve service """,https://static.bankbazaar.com/images/common/bank-logo/sbi-4.png
R  PRASANNA,"Mar 19, 2020",HDFC Bank,🙂,"""Best  Service""",https://static.bankbazaar.com/images/common/bank-logo/hdfc.png
MUN,"Mar 19, 2020",SBI,😀,"""Need to provide more offers""",https://static.bankbazaar.com/images/common/bank-logo/sbi-4.png
JHA,"Mar 18, 2020",IndusInd Bank,🙂,"""Good saving account """,https://static.bankbazaar.com/images/common/bank-logo/indusind.png
RA,"Mar 18, 2020",Axis Bank,🙂,"""Good card """,https://static.bankbazaar.com/images/common/bank-logo/axis.png
AY,"Mar 18, 2020",SBI,🙂,"""Apart private bank, atleast we should have SBI account """,https://static.bankbazaar.com/images/common/bank-logo/sbi-4.png
AKSHAY  JAIN,"Mar 18, 2020",HDFC Bank,🙂,"""Good account """,https://static.bankbazaar.com/images/common/bank-logo/hdfc.png
AK,"Mar 18, 2020",Kotak,😀,"""Its a good account """,https://static.bankbazaar.com/images/common/bank-logo/kotak.png
K,"Mar 18, 2020",HDFC Bank,😀,"""Best savings account""",https://static.bankbazaar.com/images/common/bank-logo/hdfc.png
ANONYMOUS,"Mar 18, 2020",SBI,😐,"""Need to decrease interest charge""",https://static.bankbazaar.com/images/common/bank-logo/sbi-4.png
V,"Mar 18, 2020",SBI,🙂,"""Good """,https://static.bankbazaar.com/images/common/bank-logo/sbi-4.png
ANONYMOUS,"Mar 18, 2020",HDFC Bank,😀,"""Need to provide other product offer """,https://static.bankbazaar.com/images/common/bank-logo/hdfc.png
SHAN,"Mar 17, 2020",Kotak,🙂,"""Good """,https://static.bankbazaar.com/images/common/bank-logo/kotak.png
GA,"Mar 17, 2020",SBI,🙂,"""Good account """,https://static.bankbazaar.com/images/common/bank-logo/sbi-4.png
PRAD,"Mar 17, 2020",Canara Bank,😐,"""Need to improve their service """,https://static.bankbazaar.com/images/common/bank-logo/canara-bank.png
KUMAR,"Mar 17, 2020",HDFC Bank,😀,"""Good """,https://static.bankbazaar.com/images/common/bank-logo/hdfc.png
D,"Mar 16, 2020",Canara Bank,🙂,"""Good bank""",https://static.bankbazaar.com/images/common/bank-logo/canara-bank.png
M,"Mar 16, 2020",Axis Bank,😀,"""Good """,https://static.bankbazaar.com/images/common/bank-logo/axis.png
S,"Mar 16, 2020",SBI,😀,"""Best savings account""",https://static.bankbazaar.com/images/common/bank-logo/sbi-4.png
G V N,"Mar 16, 2020",HDFC Bank,😀,"""Good customer service""",https://static.bankbazaar.com/images/common/bank-logo/hdfc.png
S,"Mar 15, 2020",SBI,😀,"""Best account""",https://static.bankbazaar.com/images/common/bank-logo/sbi-4.png
S,"Mar 15, 2020",Axis Bank,😀,"""Good savings account """,https://static.bankbazaar.com/images/common/bank-logo/axis.png
SHAILESH  P,"Mar 15, 2020",HDFC Bank,😀,"""Best savings account""",https://static.bankbazaar.com/images/common/bank-logo/hdfc.png
A  DAS,"Mar 15, 2020",HDFC Bank,😀,"""Excellent Service""",https://static.bankbazaar.com/images/common/bank-logo/hdfc.png
V,"Mar 15, 2020",HDFC Bank,🙂,"""Best savings account cums salary """,https://static.bankbazaar.com/images/common/bank-logo/hdfc.png
S,"Mar 14, 2020",Citibank,😀,"""Need to decrease the minimum balance """,https://static.bankbazaar.com/images/common/bank-logo/citibank.png
G H,"Mar 14, 2020",Axis Bank,😐,"""Minimum balance is so high which should be low""",https://static.bankbazaar.com/images/common/bank-logo/axis.png
S,"Mar 14, 2020",Axis Bank,😀,"""Best service """,https://static.bankbazaar.com/images/common/bank-logo/axis.png
M S K,"Mar 13, 2020",HDFC Bank,😀,"""Good Account""",https://static.bankbazaar.com/images/common/bank-logo/hdfc.png
T PRAKASH,"Mar 13, 2020",HDFC Bank,😀,"""Best account""",https://static.bankbazaar.com/images/common/bank-logo/hdfc.png
SM,"Mar 13, 2020",HDFC Bank,😐,"""Good Account""",https://static.bankbazaar.com/images/common/bank-logo/hdfc.png
B G H,"Mar 13, 2020",Axis Bank,😀,"""Best account""",https://static.bankbazaar.com/images/common/bank-logo/axis.png
D,"Mar 13, 2020",HDFC Bank,😀,"""Best bank""",https://static.bankbazaar.com/images/common/bank-logo/hdfc.png
Aarti,"Mar 12, 2020",Axis Bank,😠,"""Bad Customer support""",https://static.bankbazaar.com/images/common/bank-logo/axis.png
YADAV,"Mar 12, 2020",SBI,🙂,"""They can improve the interest rate on savings account""",https://static.bankbazaar.com/images/common/bank-logo/sbi-4.png
YADAV,"Mar 12, 2020",Citibank,🙂,"""Overall its good""",https://static.bankbazaar.com/images/common/bank-logo/citibank.png
YAD,"Mar 12, 2020",Axis Bank,😀,"""Good commerical bank """,https://static.bankbazaar.com/images/common/bank-logo/axis.png
RA,"Mar 12, 2020",SBI,😞,"""Medium""",https://static.bankbazaar.com/images/common/bank-logo/sbi-4.png
AR,"Mar 12, 2020",Axis Bank,😞,"""Medium""",https://static.bankbazaar.com/images/common/bank-logo/axis.png
LOGANAT,"Mar 12, 2020",Axis Bank,😀,"""Very Good Loan Service""",https://static.bankbazaar.com/images/common/bank-logo/axis.png
NAR,"Mar 12, 2020",HDFC Bank,😀,"""Good """,https://static.bankbazaar.com/images/common/bank-logo/hdfc.png
KA,"Mar 12, 2020",SBI,😀,"""Good """,https://static.bankbazaar.com/images/common/bank-logo/sbi-4.png
ANONYMOUS,"Mar 12, 2020",Kotak,🙂,"""Better Account""",https://static.bankbazaar.com/images/common/bank-logo/kotak.png
M A,"Mar 12, 2020",IndusInd Bank,😀,"""Good Account""",https://static.bankbazaar.com/images/common/bank-logo/indusind.png
M A,"Mar 12, 2020",SBI,😀,"""Good App""",https://static.bankbazaar.com/images/common/bank-logo/sbi-4.png
M H V,"Mar 12, 2020",Axis Bank,😐,"""Good customer care service""",https://static.bankbazaar.com/images/common/bank-logo/axis.png
V   ANDEY,"Mar 11, 2020",SBI,🙂,"""Good service""",https://static.bankbazaar.com/images/common/bank-logo/sbi-4.png
ANONYMOUS,"Mar 11, 2020",Canara Bank,🙂,"""Good Account""",https://static.bankbazaar.com/images/common/bank-logo/canara-bank.png
P B,"Mar 11, 2020",SBI,😀,"""Good Account""",https://static.bankbazaar.com/images/common/bank-logo/sbi-4.png
KENDRA,"Mar 11, 2020",Kotak,😀,"""Recommendable bank""",https://static.bankbazaar.com/images/common/bank-logo/kotak.png
AJI,"Mar 11, 2020",SBI,😀,"""Good account """,https://static.bankbazaar.com/images/common/bank-logo/sbi-4.png
V T,"Mar 11, 2020",HDFC Bank,😀,"""Overall very good account""",https://static.bankbazaar.com/images/common/bank-logo/hdfc.png
GA,"Mar 10, 2020",Canara Bank,😀,"""Good service """,https://static.bankbazaar.com/images/common/bank-logo/canara-bank.png
SAM,"Mar 10, 2020",HDFC Bank,😀,"""Need to improve customer service """,https://static.bankbazaar.com/images/common/bank-logo/hdfc.png
SH,"Mar 10, 2020",HDFC Bank,😐,"""Good """,https://static.bankbazaar.com/images/common/bank-logo/hdfc.png
MOHA,"Mar 10, 2020",Kotak,🙂,"""Good """,https://static.bankbazaar.com/images/common/bank-logo/kotak.png
K K C,"Mar 10, 2020",Axis Bank,😀,"""Services are good""",https://static.bankbazaar.com/images/common/bank-logo/axis.png
V K,"Mar 10, 2020",HDFC Bank,🙂,"""Flexible to use""",https://static.bankbazaar.com/images/common/bank-logo/hdfc.png
ANONYMOUS,"Mar 10, 2020",HDFC Bank,🙂,"""Good internet banking""",https://static.bankbazaar.com/images/common/bank-logo/hdfc.png
ANONYMOUS,"Mar 10, 2020",SBI,🙂,"""Good Account""",https://static.bankbazaar.com/images/common/bank-logo/sbi-4.png
VI,"Mar 10, 2020",HDFC Bank,😀,"""Best for all """,https://static.bankbazaar.com/images/common/bank-logo/hdfc.png
VISH,"Mar 10, 2020",SBI,😀,"""Good """,https://static.bankbazaar.com/images/common/bank-logo/sbi-4.png
S S,"Mar 10, 2020",IDBI,😞,"""Need to improve the service""",https://static.bankbazaar.com/images/common/bank-logo/idbi.png
SUMAN,"Mar 10, 2020",SBI,😀,"""Good Account""",https://static.bankbazaar.com/images/common/bank-logo/sbi-4.png
NATHAN,"Mar 09, 2020",HDFC Bank,😀,"""Good """,https://static.bankbazaar.com/images/common/bank-logo/hdfc.png
ARUMAI,"Mar 09, 2020",Axis Bank,🙂,"""Need to improve service """,https://static.bankbazaar.com/images/common/bank-logo/axis.png
MURI,"Mar 09, 2020",Axis Bank,😀,"""Good account """,https://static.bankbazaar.com/images/common/bank-logo/axis.png
ANONYMOUS,"Mar 08, 2020",SBI,😀,"""Good saving account """,https://static.bankbazaar.com/images/common/bank-logo/sbi-4.png
KESAVAN,"Mar 08, 2020",Axis Bank,😀,"""Best Account""",https://static.bankbazaar.com/images/common/bank-logo/axis.png
PADAGA,"Mar 08, 2020",HDFC Bank,😀,"""Need to decrease charge """,https://static.bankbazaar.com/images/common/bank-logo/hdfc.png
KAPIL  KUMAR,"Mar 07, 2020",HDFC Bank,😀,"""Good account """,https://static.bankbazaar.com/images/common/bank-logo/hdfc.png
S,"Mar 07, 2020",Punjab National Bank,😀,"""Good""",https://static.bankbazaar.com/images/common/bank-logo/punjab-national-bank.png
R  RAVEENDRAN,"Mar 06, 2020",SBI,🙂,"""Good Service""",https://static.bankbazaar.com/images/common/bank-logo/sbi-4.png
DAS,"Mar 06, 2020",HDFC Bank,🙂,"""Good Account """,https://static.bankbazaar.com/images/common/bank-logo/hdfc.png
BALAJI,"Mar 06, 2020",HDFC Bank,😀,"""The best bank""",https://static.bankbazaar.com/images/common/bank-logo/hdfc.png
RANI,"Mar 05, 2020",Kotak,🙂,"""Good Account""",https://static.bankbazaar.com/images/common/bank-logo/kotak.png
ANUGU,"Mar 05, 2020",HDFC Bank,🙂,"""Average Account""",https://static.bankbazaar.com/images/common/bank-logo/hdfc.png
ANONYMOUS,"Mar 05, 2020",HDFC Bank,😀,"""Very Good Account""",https://static.bankbazaar.com/images/common/bank-logo/hdfc.png
NUTULAPATI,"Mar 05, 2020",Axis Bank,😐,"""Good Services""",https://static.bankbazaar.com/images/common/bank-logo/axis.png
Y   SURYA,"Mar 05, 2020",HDFC Bank,😀,"""Best  Service""",https://static.bankbazaar.com/images/common/bank-logo/hdfc.png
JANGAM,"Mar 05, 2020",SBI,🙂,"""Good Account""",https://static.bankbazaar.com/images/common/bank-logo/sbi-4.png
S G,"Mar 05, 2020",SBI,🙂,"""Good Bank""",https://static.bankbazaar.com/images/common/bank-logo/sbi-4.png
G GODDETI,"Mar 04, 2020",Citibank,🙂,"""Good Service""",https://static.bankbazaar.com/images/common/bank-logo/citibank.png
E,"Mar 04, 2020",SBI,😀,"""Excellent service """,https://static.bankbazaar.com/images/common/bank-logo/sbi-4.png
PRAD,"Mar 04, 2020",SBI,😀,"""Good saving account """,https://static.bankbazaar.com/images/common/bank-logo/sbi-4.png
P K,"Mar 03, 2020",SBI,😀,"""Best savings account""",https://static.bankbazaar.com/images/common/bank-logo/sbi-4.png
P,"Mar 03, 2020",Citibank,😀,"""Best bank """,https://static.bankbazaar.com/images/common/bank-logo/citibank.png
P  BOYA,"Mar 03, 2020",Axis Bank,🙂,"""Good Service""",https://static.bankbazaar.com/images/common/bank-logo/axis.png
ANONYMOUS,"Mar 03, 2020",Axis Bank,🙂,"""Good Account""",https://static.bankbazaar.com/images/common/bank-logo/axis.png
S D,"Mar 03, 2020",SBI,😀,"""Fine Account """,https://static.bankbazaar.com/images/common/bank-logo/sbi-4.png
K  VERMA,"Mar 03, 2020",Punjab National Bank,😀,"""Good Service""",https://static.bankbazaar.com/images/common/bank-logo/punjab-national-bank.png
S,"Mar 03, 2020",Kotak,😀,"""Excellent """,https://static.bankbazaar.com/images/common/bank-logo/kotak.png
S  MU,"Mar 03, 2020",SBI,😀,"""Best savings account""",https://static.bankbazaar.com/images/common/bank-logo/sbi-4.png
A MANU,"Mar 03, 2020",Axis Bank,🙂,"""Best  Service""",https://static.bankbazaar.com/images/common/bank-logo/axis.png
AKHTER,"Mar 03, 2020",Axis Bank,😀,"""Satisfactory account""",https://static.bankbazaar.com/images/common/bank-logo/axis.png
ANONYMOUS,"Mar 03, 2020",SBI,😀,"""Good and safe bank""",https://static.bankbazaar.com/images/common/bank-logo/sbi-4.png
V,"Mar 03, 2020",Kotak,😀,"""Best savings account""",https://static.bankbazaar.com/images/common/bank-logo/kotak.png
Riyaz Ahmad,"Mar 02, 2020",SBI,😡,"""I want to sbi sieving account  i like state bank of india  .""",https://static.bankbazaar.com/images/common/bank-logo/sbi-4.png
EN,"Mar 02, 2020",HDFC Bank,🙂,"""Good bank for getting more loan offers """,https://static.bankbazaar.com/images/common/bank-logo/hdfc.png
ANONYMOUS,"Mar 02, 2020",Punjab National Bank,😀,"""Good but not easy""",https://static.bankbazaar.com/images/common/bank-logo/punjab-national-bank.png
ANONYMOUS,"Mar 02, 2020",Axis Bank,😐,"""Good Banking""",https://static.bankbazaar.com/images/common/bank-logo/axis.png
ANONYMOUS,"Mar 02, 2020",Axis Bank,😀,"""Good Bank""",https://static.bankbazaar.com/images/common/bank-logo/axis.png
ANONYMOUS,"Mar 02, 2020",HDFC Bank,🙂,"""Good Account""",https://static.bankbazaar.com/images/common/bank-logo/hdfc.png
S JENI,"Mar 02, 2020",SBI,😀,"""Best  Sevice""",https://static.bankbazaar.com/images/common/bank-logo/sbi-4.png
A,"Mar 02, 2020",Axis Bank,😐,"""Best savings account """,https://static.bankbazaar.com/images/common/bank-logo/axis.png
ANONYMOUS,"Mar 02, 2020",SBI,😀,"""SBI is good""",https://static.bankbazaar.com/images/common/bank-logo/sbi-4.png
A R,"Mar 02, 2020",Axis Bank,😀,"""Okay Account""",https://static.bankbazaar.com/images/common/bank-logo/axis.png
DAL,"Mar 02, 2020",Axis Bank,😀,"""Eco friendly bank""",https://static.bankbazaar.com/images/common/bank-logo/axis.png
HM,"Mar 02, 2020",Axis Bank,😀,"""Good service""",https://static.bankbazaar.com/images/common/bank-logo/axis.png
ANONYMOUS,"Mar 01, 2020",Kotak,🙂,"""Safe and reliable""",https://static.bankbazaar.com/images/common/bank-logo/kotak.png
J S T,"Mar 01, 2020",HDFC Bank,😀,"""Stable and reliable bank""",https://static.bankbazaar.com/images/common/bank-logo/hdfc.png
MANTUNATHA,"Mar 01, 2020",SBI,🙂,"""Good Account""",https://static.bankbazaar.com/images/common/bank-logo/sbi-4.png
MANTUNATHA,"Mar 01, 2020",Axis Bank,🙂,"""Good Account""",https://static.bankbazaar.com/images/common/bank-logo/axis.png
ANONYMOUS,"Mar 01, 2020",SBI,😀,"""Very Good Account""",https://static.bankbazaar.com/images/common/bank-logo/sbi-4.png
MAYUR SHIVAJI KADAM,"Mar 01, 2020",Axis Bank,😀,"""Good bank""",https://static.bankbazaar.com/images/common/bank-logo/axis.png
A  C,"Mar 01, 2020",SBI,🙂,"""Best account """,https://static.bankbazaar.com/images/common/bank-logo/sbi-4.png
KASALA,"Mar 01, 2020",SBI,😀,"""Secure and easily branches available in India""",https://static.bankbazaar.com/images/common/bank-logo/sbi-4.png
BHANU,"Mar 01, 2020",HDFC Bank,😀,"""Fine Account""",https://static.bankbazaar.com/images/common/bank-logo/hdfc.png
ANONYMOUS,"Mar 01, 2020",SBI,🙂,"""Good security but improvement need in customer care""",https://static.bankbazaar.com/images/common/bank-logo/sbi-4.png
ARIF AHMED,"Mar 01, 2020",SBI,😀,"""Good Bank""",https://static.bankbazaar.com/images/common/bank-logo/sbi-4.png
harsh,"Mar 01, 2020",HDFC Bank,😠,"""worst service """,https://static.bankbazaar.com/images/common/bank-logo/hdfc.png
WA,"Feb 29, 2020",Kotak,😀,"""Good saving account """,https://static.bankbazaar.com/images/common/bank-logo/kotak.png
SHI,"Feb 29, 2020",HDFC Bank,😀,"""Good app""",https://static.bankbazaar.com/images/common/bank-logo/hdfc.png
YARRI  SWAMY,"Feb 29, 2020",SBI,😀,"""Good""",https://static.bankbazaar.com/images/common/bank-logo/sbi-4.png
YARRI,"Feb 29, 2020",HDFC Bank,😀,"""Best bank """,https://static.bankbazaar.com/images/common/bank-logo/hdfc.png
BISWAJYOTI  CHAKRABORTY,"Feb 29, 2020",SBI,🙂,"""Best savings account""",https://static.bankbazaar.com/images/common/bank-logo/sbi-4.png
B,"Feb 29, 2020",Axis Bank,😀,"""Good account""",https://static.bankbazaar.com/images/common/bank-logo/axis.png
AR,"Feb 29, 2020",Axis Bank,🙂,"""Good bank account """,https://static.bankbazaar.com/images/common/bank-logo/axis.png
A,"Feb 28, 2020",HDFC Bank,🙂,"""Good service""",https://static.bankbazaar.com/images/common/bank-logo/hdfc.png
AAMIR  ALI,"Feb 28, 2020",IndusInd Bank,😀,"""Best savings account""",https://static.bankbazaar.com/images/common/bank-logo/indusind.png
JA,"Feb 28, 2020",Axis Bank,🙂,"""Good bank""",https://static.bankbazaar.com/images/common/bank-logo/axis.png
JANI B,"Feb 28, 2020",SBI,🙂,"""Good service """,https://static.bankbazaar.com/images/common/bank-logo/sbi-4.png
ANONYMOUS,"Feb 28, 2020",Canara Bank,😀,"""Good Bank""",https://static.bankbazaar.com/images/common/bank-logo/canara-bank.png
J,"Feb 28, 2020",HDFC Bank,🙂,"""Best application""",https://static.bankbazaar.com/images/common/bank-logo/hdfc.png
ANONYMOUS,"Feb 28, 2020",SBI,😀,"""Easy to access the mobile banking""",https://static.bankbazaar.com/images/common/bank-logo/sbi-4.png
ANONYMOUS,"Feb 27, 2020",Axis Bank,😀,"""Axis bank is best for service""",https://static.bankbazaar.com/images/common/bank-logo/axis.png
ANONYMOUS,"Feb 27, 2020",Punjab National Bank,😀,"""PNB is best nationalized bank for customer""",https://static.bankbazaar.com/images/common/bank-logo/punjab-national-bank.png
MOHIT,"Feb 27, 2020",HDFC Bank,🙂,"""Good""",https://static.bankbazaar.com/images/common/bank-logo/hdfc.png
M KHARE,"Feb 27, 2020",SBI,🙂,"""Good """,https://static.bankbazaar.com/images/common/bank-logo/sbi-4.png
S,"Feb 27, 2020",IndusInd Bank,😀,"""Excellent service""",https://static.bankbazaar.com/images/common/bank-logo/indusind.png
THIRUNAVU,"Feb 27, 2020",HDFC Bank,😀,"""Good Account""",https://static.bankbazaar.com/images/common/bank-logo/hdfc.png
MAR,"Feb 26, 2020",SBI,🙂,"""Medium""",https://static.bankbazaar.com/images/common/bank-logo/sbi-4.png
C MONDAL,"Feb 26, 2020",Axis Bank,😀,"""Not Satisfactory""",https://static.bankbazaar.com/images/common/bank-logo/axis.png
D,"Feb 25, 2020",Axis Bank,😀,"""Excellent Service""",https://static.bankbazaar.com/images/common/bank-logo/axis.png
G  BHIMA,"Feb 25, 2020",HDFC Bank,😀,"""Excellent Service""",https://static.bankbazaar.com/images/common/bank-logo/hdfc.png
ANGELINE,"Feb 25, 2020",SBI,😀,"""Good """,https://static.bankbazaar.com/images/common/bank-logo/sbi-4.png
ANONYMOUS,"Feb 25, 2020",Kotak,🙂,"""Good Account""",https://static.bankbazaar.com/images/common/bank-logo/kotak.png
ANONYMOUS,"Feb 25, 2020",HDFC Bank,🙂,"""Very Good Account""",https://static.bankbazaar.com/images/common/bank-logo/hdfc.png
Vicky,"Feb 25, 2020",Axis Bank,😠,"""Worst Customer support at Cox town branch """,https://static.bankbazaar.com/images/common/bank-logo/axis.png
RAJAPANDIYAN,"Feb 25, 2020",Kotak,😀,"""Good Account""",https://static.bankbazaar.com/images/common/bank-logo/kotak.png
PALLY,"Feb 24, 2020",SBI,😐,"""Good service""",https://static.bankbazaar.com/images/common/bank-logo/sbi-4.png
ANONYMOUS,"Feb 24, 2020",Kotak,😀,"""Excellent Account""",https://static.bankbazaar.com/images/common/bank-logo/kotak.png
VAM,"Feb 24, 2020",IndusInd Bank,🙂,"""Need to provide more atm and branch""",https://static.bankbazaar.com/images/common/bank-logo/indusind.png
RU,"Feb 24, 2020",HDFC Bank,😀,"""Need to provide more offer message """,https://static.bankbazaar.com/images/common/bank-logo/hdfc.png
B S,"Feb 24, 2020",Canara Bank,😀,"""Good""",https://static.bankbazaar.com/images/common/bank-logo/canara-bank.png
POLAVARAPU,"Feb 24, 2020",SBI,😀,"""Good Account""",https://static.bankbazaar.com/images/common/bank-logo/sbi-4.png
SANTHOSH,"Feb 24, 2020",Kotak,😀,"""Average Account""",https://static.bankbazaar.com/images/common/bank-logo/kotak.png
N S,"Feb 23, 2020",SBI,🙂,"""Better Account""",https://static.bankbazaar.com/images/common/bank-logo/sbi-4.png
N S,"Feb 23, 2020",Canara Bank,😀,"""Perfect banking""",https://static.bankbazaar.com/images/common/bank-logo/canara-bank.png
VIJ,"Feb 22, 2020",SBI,😀,"""Good account""",https://static.bankbazaar.com/images/common/bank-logo/sbi-4.png
PATHAN,"Feb 22, 2020",Citibank,😀,"""Excellent Service""",https://static.bankbazaar.com/images/common/bank-logo/citibank.png
K  HIDAYATH,"Feb 22, 2020",Axis Bank,😀,"""Very Good Service""",https://static.bankbazaar.com/images/common/bank-logo/axis.png
F,"Feb 21, 2020",Canara Bank,😀,"""Best savings account""",https://static.bankbazaar.com/images/common/bank-logo/canara-bank.png
CHARLES,"Feb 21, 2020",SBI,😀,"""Good to have the account in SBI""",https://static.bankbazaar.com/images/common/bank-logo/sbi-4.png
RAMESH KUMAR A,"Feb 21, 2020",SBI,🙂,"""Need to improve in customer service""",https://static.bankbazaar.com/images/common/bank-logo/sbi-4.png
BISWA,"Feb 21, 2020",HDFC Bank,🙂,"""Very good""",https://static.bankbazaar.com/images/common/bank-logo/hdfc.png
ANONYMOUS,"Feb 21, 2020",Kotak,🙂,"""Good bank but unhappy service""",https://static.bankbazaar.com/images/common/bank-logo/kotak.png
Ganapati prasad,"Feb 21, 2020",Kotak,😡,"""Uncultured, Pathetic bank""",https://static.bankbazaar.com/images/common/bank-logo/kotak.png
G A,"Feb 20, 2020",Axis Bank,😀,"""Good Account""",https://static.bankbazaar.com/images/common/bank-logo/axis.png
MUTHU S,"Feb 20, 2020",SBI,🙂,"""Best """,https://static.bankbazaar.com/images/common/bank-logo/sbi-4.png
ROHITH  R,"Feb 20, 2020",SBI,🙂,"""Best savings account""",https://static.bankbazaar.com/images/common/bank-logo/sbi-4.png
NT,"Feb 20, 2020",IDBI,😀,"""Good """,https://static.bankbazaar.com/images/common/bank-logo/idbi.png
UPAD,"Feb 20, 2020",SBI,😀,"""Good account""",https://static.bankbazaar.com/images/common/bank-logo/sbi-4.png
R R,"Feb 20, 2020",SBI,🙂,"""Best savings account""",https://static.bankbazaar.com/images/common/bank-logo/sbi-4.png
SHAILESH,"Feb 20, 2020",Axis Bank,😀,"""The best saving & service""",https://static.bankbazaar.com/images/common/bank-logo/axis.png
A C,"Feb 19, 2020",Axis Bank,😀,"""Best Account""",https://static.bankbazaar.com/images/common/bank-logo/axis.png
CHOUDHARY,"Feb 19, 2020",HDFC Bank,🙂,"""Best Account""",https://static.bankbazaar.com/images/common/bank-logo/hdfc.png
A,"Feb 19, 2020",HDFC Bank,😀,"""Best savings account""",https://static.bankbazaar.com/images/common/bank-logo/hdfc.png
S O W A,"Feb 19, 2020",Axis Bank,😀,"""Best savings account""",https://static.bankbazaar.com/images/common/bank-logo/axis.png
Devansh Agarwal,"Feb 19, 2020",Axis Bank,😠,"""Debit freeze""",https://static.bankbazaar.com/images/common/bank-logo/axis.png
UPADHAYAY,"Feb 18, 2020",SBI,😀,"""SBI service is good""",https://static.bankbazaar.com/images/common/bank-logo/sbi-4.png
UPADHAYAY,"Feb 18, 2020",Kotak,🙂,"""Good Account""",https://static.bankbazaar.com/images/common/bank-logo/kotak.png
S,"Feb 18, 2020",Axis Bank,😀,"""Best savings account""",https://static.bankbazaar.com/images/common/bank-logo/axis.png
KRISHNA,"Feb 18, 2020",Axis Bank,🙂,"""Good Account""",https://static.bankbazaar.com/images/common/bank-logo/axis.png
A P,"Feb 18, 2020",SBI,😀,"""Better services""",https://static.bankbazaar.com/images/common/bank-logo/sbi-4.png
SUBR,"Feb 17, 2020",HDFC Bank,🙂,"""Need to decrease charge""",https://static.bankbazaar.com/images/common/bank-logo/hdfc.png
M Gowda,"Feb 17, 2020",HDFC Bank,🙂,"""Excellent Service""",https://static.bankbazaar.com/images/common/bank-logo/hdfc.png
M  BASAVE,"Feb 17, 2020",SBI,🙂,"""Excellent Service""",https://static.bankbazaar.com/images/common/bank-logo/sbi-4.png
PAN,"Feb 17, 2020",SBI,🙂,"""Good """,https://static.bankbazaar.com/images/common/bank-logo/sbi-4.png
AI,"Feb 17, 2020",Axis Bank,😐,"""Need to decrease charges""",https://static.bankbazaar.com/images/common/bank-logo/axis.png
G   SALVE,"Feb 17, 2020",SBI,🙂,"""Best  Service""",https://static.bankbazaar.com/images/common/bank-logo/sbi-4.png
A,"Feb 17, 2020",Canara Bank,😐,"""Customer service must improve""",https://static.bankbazaar.com/images/common/bank-logo/canara-bank.png
JYO,"Feb 17, 2020",HDFC Bank,😞,"""Need to provide more atm and branch's """,https://static.bankbazaar.com/images/common/bank-logo/hdfc.png
MURALI,"Feb 17, 2020",HDFC Bank,😀,"""Good""",https://static.bankbazaar.com/images/common/bank-logo/hdfc.png
R,"Feb 17, 2020",Kotak,🙂,"""Best savings account""",https://static.bankbazaar.com/images/common/bank-logo/kotak.png
S,"Feb 17, 2020",Axis Bank,😀,"""Best savings account""",https://static.bankbazaar.com/images/common/bank-logo/axis.png
NAVAN,"Feb 16, 2020",HDFC Bank,😀,"""Good Account""",https://static.bankbazaar.com/images/common/bank-logo/hdfc.png
ANONYMOUS,"Feb 16, 2020",Canara Bank,🙂,"""Bank service is good""",https://static.bankbazaar.com/images/common/bank-logo/canara-bank.png
SULTANA,"Feb 16, 2020",HDFC Bank,😀,"""Good provider""",https://static.bankbazaar.com/images/common/bank-logo/hdfc.png
ANONYMOUS,"Feb 16, 2020",SBI,🙂,"""Highly recommend account for middle class people""",https://static.bankbazaar.com/images/common/bank-logo/sbi-4.png
KUMA,"Feb 15, 2020",Axis Bank,😀,"""Need to decrease charges for all purposes""",https://static.bankbazaar.com/images/common/bank-logo/axis.png
AR,"Feb 15, 2020",Canara Bank,😀,"""Need to decrease charge """,https://static.bankbazaar.com/images/common/bank-logo/canara-bank.png
MUTHU,"Feb 15, 2020",HDFC Bank,😀,"""Need to decrease interest charge""",https://static.bankbazaar.com/images/common/bank-logo/hdfc.png
ANONYMOUS,"Feb 15, 2020",SBI,🙂,"""Good account""",https://static.bankbazaar.com/images/common/bank-logo/sbi-4.png
RA,"Feb 15, 2020",Canara Bank,😀,"""Good service""",https://static.bankbazaar.com/images/common/bank-logo/canara-bank.png
PURUOLTE,"Feb 15, 2020",IDBI,😀,"""Good Account""",https://static.bankbazaar.com/images/common/bank-logo/idbi.png
PAZH,"Feb 15, 2020",IndusInd Bank,🙂,"""Average Services""",https://static.bankbazaar.com/images/common/bank-logo/indusind.png
CHUN,"Feb 15, 2020",Kotak,😀,"""Medium""",https://static.bankbazaar.com/images/common/bank-logo/kotak.png
SHAILESH,"Feb 15, 2020",SBI,😐,"""They need to work out a lot""",https://static.bankbazaar.com/images/common/bank-logo/sbi-4.png
DU,"Feb 15, 2020",Kotak,😀,"""Good """,https://static.bankbazaar.com/images/common/bank-logo/kotak.png
ROKADE,"Feb 15, 2020",Axis Bank,😐,"""Need to improve the services""",https://static.bankbazaar.com/images/common/bank-logo/axis.png
ROKADE,"Feb 15, 2020",SBI,😀,"""All facilities are good in SBI""",https://static.bankbazaar.com/images/common/bank-logo/sbi-4.png
HU,"Feb 15, 2020",Axis Bank,🙂,"""Good """,https://static.bankbazaar.com/images/common/bank-logo/axis.png
S,"Feb 14, 2020",SBI,😀,"""Good """,https://static.bankbazaar.com/images/common/bank-logo/sbi-4.png
UMAPATHY,"Feb 14, 2020",HDFC Bank,😀,"""Good """,https://static.bankbazaar.com/images/common/bank-logo/hdfc.png
N F,"Feb 14, 2020",Citibank,🙂,"""Good bank""",https://static.bankbazaar.com/images/common/bank-logo/citibank.png
SIVARANJANI,"Feb 14, 2020",HDFC Bank,😀,"""Average Account""",https://static.bankbazaar.com/images/common/bank-logo/hdfc.png
SUMAIR,"Feb 14, 2020",SBI,😀,"""Average Account""",https://static.bankbazaar.com/images/common/bank-logo/sbi-4.png
SUMAIR,"Feb 14, 2020",Axis Bank,😀,"""Good Account""",https://static.bankbazaar.com/images/common/bank-logo/axis.png
S,"Feb 14, 2020",IndusInd Bank,😀,"""Very Good Bank""",https://static.bankbazaar.com/images/common/bank-logo/indusind.png
SARIKA,"Feb 14, 2020",HDFC Bank,😀,"""Excellent Service""",https://static.bankbazaar.com/images/common/bank-logo/hdfc.png
GYELMO,"Feb 14, 2020",Kotak,😀,"""Good Account""",https://static.bankbazaar.com/images/common/bank-logo/kotak.png
ANONYMOUS,"Feb 13, 2020",HDFC Bank,🙂,"""Good Account""",https://static.bankbazaar.com/images/common/bank-logo/hdfc.png
R,"Feb 13, 2020",SBI,🙂,"""Good""",https://static.bankbazaar.com/images/common/bank-logo/sbi-4.png
Anonyms,"Feb 13, 2020",HDFC Bank,😀,"""Service is not good""",https://static.bankbazaar.com/images/common/bank-logo/hdfc.png
D H,"Feb 13, 2020",SBI,😀,"""One of the good service compared to private bank""",https://static.bankbazaar.com/images/common/bank-logo/sbi-4.png
KONDAMMA,"Feb 13, 2020",SBI,🙂,"""Average Account""",https://static.bankbazaar.com/images/common/bank-logo/sbi-4.png
GANGISETTY,"Feb 13, 2020",Citibank,😀,"""Superb Account""",https://static.bankbazaar.com/images/common/bank-logo/citibank.png
PRASAD,"Feb 13, 2020",HDFC Bank,😀,"""Fantastic Account""",https://static.bankbazaar.com/images/common/bank-logo/hdfc.png
C M,"Feb 13, 2020",HDFC Bank,😀,"""Convenient account for the customer""",https://static.bankbazaar.com/images/common/bank-logo/hdfc.png
SAHU,"Feb 13, 2020",HDFC Bank,🙂,"""Good Account""",https://static.bankbazaar.com/images/common/bank-logo/hdfc.png
S K P,"Feb 12, 2020",SBI,🙂,"""Good""",https://static.bankbazaar.com/images/common/bank-logo/sbi-4.png
D S,"Feb 12, 2020",SBI,😀,"""Best savings account""",https://static.bankbazaar.com/images/common/bank-logo/sbi-4.png
A,"Feb 12, 2020",HDFC Bank,😀,"""Best savings account""",https://static.bankbazaar.com/images/common/bank-logo/hdfc.png
G,"Feb 12, 2020",HDFC Bank,😐,"""Better service""",https://static.bankbazaar.com/images/common/bank-logo/hdfc.png
KUMAR,"Feb 12, 2020",SBI,😀,"""Need to improve service""",https://static.bankbazaar.com/images/common/bank-logo/sbi-4.png
G,"Feb 12, 2020",Axis Bank,🙂,"""Good service """,https://static.bankbazaar.com/images/common/bank-logo/axis.png
G L,"Feb 12, 2020",SBI,🙂,"""Best saving accocunt """,https://static.bankbazaar.com/images/common/bank-logo/sbi-4.png
TA,"Feb 11, 2020",SBI,🙂,"""Good """,https://static.bankbazaar.com/images/common/bank-logo/sbi-4.png
BH,"Feb 11, 2020",Axis Bank,😀,"""Good """,https://static.bankbazaar.com/images/common/bank-logo/axis.png
S A,"Feb 11, 2020",IndusInd Bank,😀,"""Services are very good""",https://static.bankbazaar.com/images/common/bank-logo/indusind.png
XIT,"Feb 10, 2020",Punjab National Bank,😐,"""Need to improve customer service""",https://static.bankbazaar.com/images/common/bank-logo/punjab-national-bank.png
SH,"Feb 10, 2020",HDFC Bank,🙂,"""Good """,https://static.bankbazaar.com/images/common/bank-logo/hdfc.png
AJ,"Feb 10, 2020",SBI,😀,"""Good service""",https://static.bankbazaar.com/images/common/bank-logo/sbi-4.png
R,"Feb 10, 2020",IndusInd Bank,🙂,"""Best account""",https://static.bankbazaar.com/images/common/bank-logo/indusind.png
shailendra   pushkar,"Feb 07, 2020",IDBI,😠,"""idbi services""",https://static.bankbazaar.com/images/common/bank-logo/idbi.png
KUMAR,"Feb 06, 2020",SBI,😀,"""Need to decrease interest charge """,https://static.bankbazaar.com/images/common/bank-logo/sbi-4.png
ANONYMOUS,"Feb 06, 2020",Axis Bank,🙂,"""Good """,https://static.bankbazaar.com/images/common/bank-logo/axis.png
D BHURUBHA,"Feb 06, 2020",HDFC Bank,😀,"""Excellent Service""",https://static.bankbazaar.com/images/common/bank-logo/hdfc.png
EN,"Feb 06, 2020",Citibank,😀,"""Excellent""",https://static.bankbazaar.com/images/common/bank-logo/citibank.png
A,"Feb 06, 2020",SBI,😀,"""Best savings account""",https://static.bankbazaar.com/images/common/bank-logo/sbi-4.png
B,"Feb 06, 2020",HDFC Bank,😀,"""Best savings account""",https://static.bankbazaar.com/images/common/bank-logo/hdfc.png
IK,"Feb 05, 2020",HDFC Bank,🙂,"""Good service """,https://static.bankbazaar.com/images/common/bank-logo/hdfc.png
ZA,"Feb 05, 2020",SBI,🙂,"""Good account """,https://static.bankbazaar.com/images/common/bank-logo/sbi-4.png
MA,"Feb 04, 2020",Canara Bank,😐,"""Need to improve the customer service """,https://static.bankbazaar.com/images/common/bank-logo/canara-bank.png
MA,"Feb 04, 2020",SBI,😀,"""Good service""",https://static.bankbazaar.com/images/common/bank-logo/sbi-4.png
,"Feb 03, 2020",Axis Bank,😐,"""Need to improve  their service""",https://static.bankbazaar.com/images/common/bank-logo/axis.png
A,"Feb 03, 2020",Kotak,😀,"""Best savings account""",https://static.bankbazaar.com/images/common/bank-logo/kotak.png
AJ,"Feb 03, 2020",Axis Bank,😀,"""Good""",https://static.bankbazaar.com/images/common/bank-logo/axis.png
FAZAL  M,"Feb 03, 2020",Kotak,🙂,"""Good""",https://static.bankbazaar.com/images/common/bank-logo/kotak.png
Y,"Feb 02, 2020",IDBI,🙂,"""Good service""",https://static.bankbazaar.com/images/common/bank-logo/idbi.png
R,"Feb 02, 2020",SBI,😞,"""Need to improve in service""",https://static.bankbazaar.com/images/common/bank-logo/sbi-4.png
A R,"Jan 31, 2020",SBI,😀,"""Good and reliable bank""",https://static.bankbazaar.com/images/common/bank-logo/sbi-4.png
ROY,"Jan 31, 2020",HDFC Bank,😀,"""Good in private bank """,https://static.bankbazaar.com/images/common/bank-logo/hdfc.png
ANONYMOUS,"Jan 31, 2020",IDBI,😀,"""Good Account""",https://static.bankbazaar.com/images/common/bank-logo/idbi.png
K P,"Jan 31, 2020",HDFC Bank,🙂,"""Good Bank""",https://static.bankbazaar.com/images/common/bank-logo/hdfc.png
N   KUMAR,"Jan 31, 2020",SBI,😀,"""Good Service""",https://static.bankbazaar.com/images/common/bank-logo/sbi-4.png
S N,"Jan 30, 2020",Axis Bank,😀,"""Process is good""",https://static.bankbazaar.com/images/common/bank-logo/axis.png
S,"Jan 30, 2020",SBI,🙂,"""Good account""",https://static.bankbazaar.com/images/common/bank-logo/sbi-4.png
SAN,"Jan 30, 2020",Axis Bank,🙂,"""Best saving account""",https://static.bankbazaar.com/images/common/bank-logo/axis.png
GAURAV,"Jan 30, 2020",HDFC Bank,😀,"""Best bank """,https://static.bankbazaar.com/images/common/bank-logo/hdfc.png
DU,"Jan 30, 2020",Kotak,🙂,"""Good service""",https://static.bankbazaar.com/images/common/bank-logo/kotak.png
E P S,"Jan 30, 2020",Axis Bank,😀,"""Good account""",https://static.bankbazaar.com/images/common/bank-logo/axis.png
S,"Jan 30, 2020",SBI,😀,"""Best savings account""",https://static.bankbazaar.com/images/common/bank-logo/sbi-4.png
Anonyms,"Jan 30, 2020",Kotak,🙂,"""Growing bank""",https://static.bankbazaar.com/images/common/bank-logo/kotak.png
S K S,"Jan 30, 2020",HDFC Bank,🙂,"""Okay Account""",https://static.bankbazaar.com/images/common/bank-logo/hdfc.png
R,"Jan 29, 2020",HDFC Bank,😀,"""Good""",https://static.bankbazaar.com/images/common/bank-logo/hdfc.png
NARESH,"Jan 29, 2020",HDFC Bank,😀,"""Good service""",https://static.bankbazaar.com/images/common/bank-logo/hdfc.png
CHIKKANNAGARI  A,"Jan 29, 2020",Axis Bank,😞,"""Need to improve in service""",https://static.bankbazaar.com/images/common/bank-logo/axis.png
C,"Jan 29, 2020",HDFC Bank,🙂,"""Best savings account""",https://static.bankbazaar.com/images/common/bank-logo/hdfc.png
ANONYMOUS,"Jan 29, 2020",Axis Bank,😀,"""Good Bank""",https://static.bankbazaar.com/images/common/bank-logo/axis.png
GOWNI,"Jan 29, 2020",SBI,😐,"""Average Service """,https://static.bankbazaar.com/images/common/bank-logo/sbi-4.png
ANONYMOUS,"Jan 29, 2020",SBI,😀,"""Good Bank for loan purpose""",https://static.bankbazaar.com/images/common/bank-logo/sbi-4.png
S S B,"Jan 29, 2020",HDFC Bank,😐,"""Best savings account """,https://static.bankbazaar.com/images/common/bank-logo/hdfc.png
ANONYMOUS,"Jan 28, 2020",HDFC Bank,😞,"""Improve on communication skills""",https://static.bankbazaar.com/images/common/bank-logo/hdfc.png
ANONYMOUS,"Jan 28, 2020",SBI,😞,"""Improve on employee skills""",https://static.bankbazaar.com/images/common/bank-logo/sbi-4.png
ANONYMOUS,"Jan 28, 2020",Kotak,😀,"""Good Service  but improve on branches""",https://static.bankbazaar.com/images/common/bank-logo/kotak.png
M SHAIKH,"Jan 28, 2020",HDFC Bank,😀,"""Excellent Service""",https://static.bankbazaar.com/images/common/bank-logo/hdfc.png
KATHI,"Jan 28, 2020",Kotak,😀,"""Good Service""",https://static.bankbazaar.com/images/common/bank-logo/kotak.png
KATHI,"Jan 28, 2020",SBI,😀,"""Good Account""",https://static.bankbazaar.com/images/common/bank-logo/sbi-4.png
J T,"Jan 28, 2020",HDFC Bank,🙂,"""Excellent""",https://static.bankbazaar.com/images/common/bank-logo/hdfc.png
J,"Jan 28, 2020",SBI,🙂,"""Best savings account""",https://static.bankbazaar.com/images/common/bank-logo/sbi-4.png
JAGADEESH,"Jan 28, 2020",Kotak,😀,"""Good one""",https://static.bankbazaar.com/images/common/bank-logo/kotak.png
A A,"Jan 28, 2020",HDFC Bank,😡,"""Need to improve in service""",https://static.bankbazaar.com/images/common/bank-logo/hdfc.png
M,"Jan 28, 2020",Axis Bank,😀,"""Best savings account""",https://static.bankbazaar.com/images/common/bank-logo/axis.png
MUNIGALA  K,"Jan 28, 2020",HDFC Bank,😀,"""Best savings account""",https://static.bankbazaar.com/images/common/bank-logo/hdfc.png
R R,"Jan 27, 2020",SBI,😀,"""Overall good account""",https://static.bankbazaar.com/images/common/bank-logo/sbi-4.png
G,"Jan 27, 2020",SBI,😀,"""Good""",https://static.bankbazaar.com/images/common/bank-logo/sbi-4.png
ILABEN,"Jan 27, 2020",SBI,😀,"""Good Account""",https://static.bankbazaar.com/images/common/bank-logo/sbi-4.png
A K M,"Jan 27, 2020",HDFC Bank,😀,"""Good Account""",https://static.bankbazaar.com/images/common/bank-logo/hdfc.png
GANGABASAVANAHALLI PUTTA,"Jan 27, 2020",Kotak,🙂,"""Good Account""",https://static.bankbazaar.com/images/common/bank-logo/kotak.png
M N,"Jan 27, 2020",HDFC Bank,🙂,"""Best savings account""",https://static.bankbazaar.com/images/common/bank-logo/hdfc.png
P A,"Jan 25, 2020",HDFC Bank,😀,"""Good Account""",https://static.bankbazaar.com/images/common/bank-logo/hdfc.png
ANONYMOUS,"Jan 25, 2020",SBI,🙂,"""Customer care service has to be improved""",https://static.bankbazaar.com/images/common/bank-logo/sbi-4.png
PALLAVI,"Jan 25, 2020",SBI,😀,"""Best Account""",https://static.bankbazaar.com/images/common/bank-logo/sbi-4.png
MANJUNATH,"Jan 24, 2020",Canara Bank,😡,"""Need to improve the branch service""",https://static.bankbazaar.com/images/common/bank-logo/canara-bank.png
MANJUNATH,"Jan 24, 2020",HDFC Bank,😀,"""Best Account""",https://static.bankbazaar.com/images/common/bank-logo/hdfc.png
Anonyms,"Jan 24, 2020",SBI,🙂,"""Good Account""",https://static.bankbazaar.com/images/common/bank-logo/sbi-4.png
Anonyms,"Jan 24, 2020",HDFC Bank,🙂,"""Good Account""",https://static.bankbazaar.com/images/common/bank-logo/hdfc.png
MASAM,"Jan 24, 2020",HDFC Bank,😀,"""Very Good account to maintain""",https://static.bankbazaar.com/images/common/bank-logo/hdfc.png
MANIKANDAN,"Jan 24, 2020",Axis Bank,😀,"""Good Account""",https://static.bankbazaar.com/images/common/bank-logo/axis.png
MUNIYAPPA,"Jan 24, 2020",Kotak,😀,"""They can improve on the service part""",https://static.bankbazaar.com/images/common/bank-logo/kotak.png
ANJA,"Jan 24, 2020",Axis Bank,😀,"""Service is good""",https://static.bankbazaar.com/images/common/bank-logo/axis.png
R,"Jan 24, 2020",HDFC Bank,😀,"""Best saving account""",https://static.bankbazaar.com/images/common/bank-logo/hdfc.png
KUMAR,"Jan 23, 2020",Axis Bank,🙂,"""Good service""",https://static.bankbazaar.com/images/common/bank-logo/axis.png
S,"Jan 22, 2020",SBI,🙂,"""Best saving account""",https://static.bankbazaar.com/images/common/bank-logo/sbi-4.png
A SIRCILLA,"Jan 22, 2020",SBI,😀,"""Good Service""",https://static.bankbazaar.com/images/common/bank-logo/sbi-4.png
ANONYMOUS,"Jan 22, 2020",IDBI,😀,"""Good Account""",https://static.bankbazaar.com/images/common/bank-logo/idbi.png
T K,"Jan 22, 2020",HDFC Bank,😀,"""Nice Account""",https://static.bankbazaar.com/images/common/bank-logo/hdfc.png
ARBIND,"Jan 22, 2020",Axis Bank,😀,"""Best savings account""",https://static.bankbazaar.com/images/common/bank-logo/axis.png
ANONYMOUS,"Jan 22, 2020",SBI,😀,"""Best Account""",https://static.bankbazaar.com/images/common/bank-logo/sbi-4.png
ANONYMOUS,"Jan 22, 2020",HDFC Bank,🙂,"""Good Account""",https://static.bankbazaar.com/images/common/bank-logo/hdfc.png
V M A,"Jan 21, 2020",SBI,😞,"""They don't respect and respond the customer""",https://static.bankbazaar.com/images/common/bank-logo/sbi-4.png
P KUMAR,"Jan 21, 2020",SBI,😀,"""Excellent Service""",https://static.bankbazaar.com/images/common/bank-logo/sbi-4.png
ANONYMOUS,"Jan 21, 2020",SBI,😀,"""Safe account""",https://static.bankbazaar.com/images/common/bank-logo/sbi-4.png
PRATHYUSHA,"Jan 21, 2020",HDFC Bank,😀,"""Offers will be more so i recommend""",https://static.bankbazaar.com/images/common/bank-logo/hdfc.png
T E,"Jan 21, 2020",SBI,😞,"""They have to improve""",https://static.bankbazaar.com/images/common/bank-logo/sbi-4.png
R,"Jan 21, 2020",SBI,😀,"""Good bank""",https://static.bankbazaar.com/images/common/bank-logo/sbi-4.png
ANONYMOUS,"Jan 21, 2020",SBI,🙂,"""Good bank and good service""",https://static.bankbazaar.com/images/common/bank-logo/sbi-4.png
ANONYMOUS,"Jan 21, 2020",Citibank,🙂,"""Good Account""",https://static.bankbazaar.com/images/common/bank-logo/citibank.png
N  KUMAR,"Jan 21, 2020",HDFC Bank,🙂,"""Excellent Service """,https://static.bankbazaar.com/images/common/bank-logo/hdfc.png
AHMAD,"Jan 21, 2020",SBI,😀,"""Good Service""",https://static.bankbazaar.com/images/common/bank-logo/sbi-4.png
BU,"Jan 20, 2020",IDBI,😀,"""Good service """,https://static.bankbazaar.com/images/common/bank-logo/idbi.png
DU,"Jan 20, 2020",HDFC Bank,😀,"""Good service""",https://static.bankbazaar.com/images/common/bank-logo/hdfc.png
RAJA,"Jan 20, 2020",SBI,😀,"""Best savings account, good customer service""",https://static.bankbazaar.com/images/common/bank-logo/sbi-4.png
D R,"Jan 20, 2020",HDFC Bank,🙂,"""Very good to use""",https://static.bankbazaar.com/images/common/bank-logo/hdfc.png
GANESH,"Jan 20, 2020",Axis Bank,😐,"""Good Service""",https://static.bankbazaar.com/images/common/bank-logo/axis.png
AR,"Jan 20, 2020",SBI,🙂,"""Good account """,https://static.bankbazaar.com/images/common/bank-logo/sbi-4.png
H  SINGH,"Jan 20, 2020",Kotak,😀,"""Very good service """,https://static.bankbazaar.com/images/common/bank-logo/kotak.png
RAJ,"Jan 20, 2020",HDFC Bank,🙂,"""Best saving bank for family""",https://static.bankbazaar.com/images/common/bank-logo/hdfc.png
MAR,"Jan 20, 2020",SBI,😀,"""Good service""",https://static.bankbazaar.com/images/common/bank-logo/sbi-4.png
A,"Jan 20, 2020",SBI,😀,"""Best savings account""",https://static.bankbazaar.com/images/common/bank-logo/sbi-4.png
KORRA  B,"Jan 20, 2020",IndusInd Bank,😀,"""Excellent service""",https://static.bankbazaar.com/images/common/bank-logo/indusind.png
RAJEDNRA,"Jan 20, 2020",Axis Bank,🙂,"""Average Service""",https://static.bankbazaar.com/images/common/bank-logo/axis.png
S,"Jan 20, 2020",Citibank,😀,"""Good service """,https://static.bankbazaar.com/images/common/bank-logo/citibank.png
S R J,"Jan 20, 2020",IndusInd Bank,😞,"""Okay Account """,https://static.bankbazaar.com/images/common/bank-logo/indusind.png
RAJ,"Jan 20, 2020",Kotak,😀,"""Good Account""",https://static.bankbazaar.com/images/common/bank-logo/kotak.png
M,"Jan 20, 2020",SBI,😐,"""Need to improve in service""",https://static.bankbazaar.com/images/common/bank-logo/sbi-4.png
M T,"Jan 20, 2020",HDFC Bank,😀,"""Best salary account""",https://static.bankbazaar.com/images/common/bank-logo/hdfc.png
USHA,"Jan 20, 2020",Axis Bank,😀,"""Good one""",https://static.bankbazaar.com/images/common/bank-logo/axis.png
PRAS,"Jan 20, 2020",Kotak,😀,"""Good saving account """,https://static.bankbazaar.com/images/common/bank-logo/kotak.png
J,"Jan 20, 2020",HDFC Bank,😀,"""Best savings account""",https://static.bankbazaar.com/images/common/bank-logo/hdfc.png
JOSEPH,"Jan 20, 2020",Kotak,😐,"""Need to improve customer service """,https://static.bankbazaar.com/images/common/bank-logo/kotak.png
LA,"Jan 20, 2020",Kotak,🙂,"""Good account """,https://static.bankbazaar.com/images/common/bank-logo/kotak.png
KA,"Jan 20, 2020",HDFC Bank,😐,"""Good account """,https://static.bankbazaar.com/images/common/bank-logo/hdfc.png
VENU,"Jan 19, 2020",SBI,😞,"""Average services""",https://static.bankbazaar.com/images/common/bank-logo/sbi-4.png
LI,"Jan 19, 2020",SBI,🙂,"""Need to decrease charge""",https://static.bankbazaar.com/images/common/bank-logo/sbi-4.png
DEEPAK,"Jan 18, 2020",HDFC Bank,🙂,"""Good account""",https://static.bankbazaar.com/images/common/bank-logo/hdfc.png
S K,"Jan 18, 2020",HDFC Bank,😐,"""Need to improve the service""",https://static.bankbazaar.com/images/common/bank-logo/hdfc.png
VENKATACHALAM,"Jan 18, 2020",SBI,😀,"""Good Support""",https://static.bankbazaar.com/images/common/bank-logo/sbi-4.png
RAFIQ,"Jan 18, 2020",SBI,🙂,"""Good App""",https://static.bankbazaar.com/images/common/bank-logo/sbi-4.png
P,"Jan 18, 2020",SBI,🙂,"""Best savings account""",https://static.bankbazaar.com/images/common/bank-logo/sbi-4.png
IL,"Jan 18, 2020",HDFC Bank,😀,"""Good service""",https://static.bankbazaar.com/images/common/bank-logo/hdfc.png
P,"Jan 18, 2020",SBI,🙂,"""Best savings account""",https://static.bankbazaar.com/images/common/bank-logo/sbi-4.png
KUCKIAN,"Jan 18, 2020",Kotak,😀,"""Best Service""",https://static.bankbazaar.com/images/common/bank-logo/kotak.png
J,"Jan 18, 2020",Kotak,😀,"""Best savings account""",https://static.bankbazaar.com/images/common/bank-logo/kotak.png
R K D,"Jan 17, 2020",HDFC Bank,😞,"""Not reliable service from HDFC""",https://static.bankbazaar.com/images/common/bank-logo/hdfc.png
DEVARAJ,"Jan 17, 2020",SBI,😐,"""Old school banking""",https://static.bankbazaar.com/images/common/bank-logo/sbi-4.png
DEVARAJ,"Jan 17, 2020",Citibank,😀,"""Hassle free service""",https://static.bankbazaar.com/images/common/bank-logo/citibank.png
B C,"Jan 17, 2020",SBI,🙂,"""Need to improve in customer service""",https://static.bankbazaar.com/images/common/bank-logo/sbi-4.png
NAGARAJU,"Jan 17, 2020",SBI,😀,"""Good Account""",https://static.bankbazaar.com/images/common/bank-logo/sbi-4.png
BAJAJ,"Jan 17, 2020",Kotak,😀,"""Good Account""",https://static.bankbazaar.com/images/common/bank-logo/kotak.png
M S,"Jan 17, 2020",HDFC Bank,😀,"""Best savings account""",https://static.bankbazaar.com/images/common/bank-logo/hdfc.png
RAJIV,"Jan 17, 2020",Kotak,🙂,"""Best savings account""",https://static.bankbazaar.com/images/common/bank-logo/kotak.png
MURTHI,"Jan 17, 2020",HDFC Bank,😀,"""Good Account""",https://static.bankbazaar.com/images/common/bank-logo/hdfc.png
SAI,"Jan 16, 2020",Citibank,😀,"""Good account """,https://static.bankbazaar.com/images/common/bank-logo/citibank.png
SAINATH,"Jan 16, 2020",SBI,😀,"""Good account""",https://static.bankbazaar.com/images/common/bank-logo/sbi-4.png
ST,"Jan 16, 2020",Kotak,😀,"""Need to decrease charge """,https://static.bankbazaar.com/images/common/bank-logo/kotak.png
UL,"Jan 16, 2020",HDFC Bank,😀,"""Good service """,https://static.bankbazaar.com/images/common/bank-logo/hdfc.png
N S,"Jan 16, 2020",SBI,😀,"""Everyone must have the national bank account""",https://static.bankbazaar.com/images/common/bank-logo/sbi-4.png
SH,"Jan 16, 2020",HDFC Bank,😀,"""User friendly account""",https://static.bankbazaar.com/images/common/bank-logo/hdfc.png
SOM,"Jan 16, 2020",Axis Bank,😀,"""Good service """,https://static.bankbazaar.com/images/common/bank-logo/axis.png
ANONYMOUS,"Jan 16, 2020",SBI,🙂,"""Good Bank Account""",https://static.bankbazaar.com/images/common/bank-logo/sbi-4.png
MA,"Jan 16, 2020",HDFC Bank,🙂,"""Good account""",https://static.bankbazaar.com/images/common/bank-logo/hdfc.png
A N,"Jan 16, 2020",Axis Bank,😀,"""Good Account""",https://static.bankbazaar.com/images/common/bank-logo/axis.png
KIRAN,"Jan 14, 2020",SBI,😀,"""Need to decrease charge""",https://static.bankbazaar.com/images/common/bank-logo/sbi-4.png
KI,"Jan 14, 2020",HDFC Bank,😀,"""Need to decrease charge""",https://static.bankbazaar.com/images/common/bank-logo/hdfc.png
MO,"Jan 14, 2020",SBI,😐,"""Good service""",https://static.bankbazaar.com/images/common/bank-logo/sbi-4.png
PA,"Jan 14, 2020",Axis Bank,😐,"""Need to decrease interest charge""",https://static.bankbazaar.com/images/common/bank-logo/axis.png
MUSALIGALLA,"Jan 14, 2020",HDFC Bank,🙂,"""Good account""",https://static.bankbazaar.com/images/common/bank-logo/hdfc.png
S,"Jan 14, 2020",SBI,😀,"""Good saving account """,https://static.bankbazaar.com/images/common/bank-logo/sbi-4.png
RAJ,"Jan 13, 2020",Axis Bank,😀,"""Good Bank""",https://static.bankbazaar.com/images/common/bank-logo/axis.png
PRAKASH G,"Jan 13, 2020",Axis Bank,😀,"""Excellent & Very good""",https://static.bankbazaar.com/images/common/bank-logo/axis.png
S S,"Jan 13, 2020",HDFC Bank,😀,"""Excellent""",https://static.bankbazaar.com/images/common/bank-logo/hdfc.png
RATHOD,"Jan 13, 2020",HDFC Bank,😀,"""Good account """,https://static.bankbazaar.com/images/common/bank-logo/hdfc.png
SREELATHA,"Jan 12, 2020",Punjab National Bank,🙂,"""Good""",https://static.bankbazaar.com/images/common/bank-logo/punjab-national-bank.png
K M,"Jan 12, 2020",Kotak,😐,"""Need to improve in customer service""",https://static.bankbazaar.com/images/common/bank-logo/kotak.png
ISHAAN  T,"Jan 12, 2020",Kotak,🙂,"""Best savings account""",https://static.bankbazaar.com/images/common/bank-logo/kotak.png
DHARANESH,"Jan 11, 2020",SBI,😀,"""Excellent service""",https://static.bankbazaar.com/images/common/bank-logo/sbi-4.png
NAIR,"Jan 11, 2020",SBI,😀,"""Good account """,https://static.bankbazaar.com/images/common/bank-logo/sbi-4.png
AI,"Jan 10, 2020",Kotak,🙂,"""Good """,https://static.bankbazaar.com/images/common/bank-logo/kotak.png
RAI,"Jan 10, 2020",Canara Bank,🙂,"""Good """,https://static.bankbazaar.com/images/common/bank-logo/canara-bank.png
THULASI,"Jan 10, 2020",SBI,😀,"""Need to have more CDM's""",https://static.bankbazaar.com/images/common/bank-logo/sbi-4.png
ALAGARSAMY  M,"Jan 10, 2020",HDFC Bank,🙂,"""Need to decrease the rate of interest""",https://static.bankbazaar.com/images/common/bank-logo/hdfc.png
ARUNA  K,"Jan 10, 2020",HDFC Bank,😀,"""Best savings account""",https://static.bankbazaar.com/images/common/bank-logo/hdfc.png
ABHISHEK,"Jan 10, 2020",HDFC Bank,😀,"""Good service""",https://static.bankbazaar.com/images/common/bank-logo/hdfc.png
MOKASHI,"Jan 10, 2020",SBI,😀,"""Good """,https://static.bankbazaar.com/images/common/bank-logo/sbi-4.png
RAMMURTHY  SHASHI KIRAN,"Jan 09, 2020",HDFC Bank,😀,"""Best service""",https://static.bankbazaar.com/images/common/bank-logo/hdfc.png
R,"Jan 09, 2020",SBI,😞,"""Need to improve in customer service""",https://static.bankbazaar.com/images/common/bank-logo/sbi-4.png
ANONYMOUS,"Jan 09, 2020",Kotak,😐,"""Excellent bank""",https://static.bankbazaar.com/images/common/bank-logo/kotak.png
ASHOK,"Jan 09, 2020",HDFC Bank,😀,"""Very Good Account""",https://static.bankbazaar.com/images/common/bank-logo/hdfc.png
ANONYMOUS,"Jan 09, 2020",Punjab National Bank,😀,"""Very Good bank""",https://static.bankbazaar.com/images/common/bank-logo/punjab-national-bank.png
ANONYMOUS,"Jan 09, 2020",SBI,😀,"""Very Good Account""",https://static.bankbazaar.com/images/common/bank-logo/sbi-4.png
ANONYMOUS,"Jan 09, 2020",IDBI,😀,"""Very Good Account""",https://static.bankbazaar.com/images/common/bank-logo/idbi.png
AR,"Jan 09, 2020",SBI,😐,"""Need to imrpove customer service """,https://static.bankbazaar.com/images/common/bank-logo/sbi-4.png
AYUSH,"Jan 09, 2020",HDFC Bank,😀,"""Need to improve in customer service""",https://static.bankbazaar.com/images/common/bank-logo/hdfc.png
SI,"Jan 09, 2020",Kotak,😐,"""Average Banking service""",https://static.bankbazaar.com/images/common/bank-logo/kotak.png
JAI,"Jan 08, 2020",Kotak,😀,"""Good and Nice account""",https://static.bankbazaar.com/images/common/bank-logo/kotak.png
ASHISH,"Jan 08, 2020",SBI,😀,"""Best bank""",https://static.bankbazaar.com/images/common/bank-logo/sbi-4.png
KIRAN,"Jan 08, 2020",Axis Bank,😀,"""Good Account""",https://static.bankbazaar.com/images/common/bank-logo/axis.png
ANONYMOUS,"Jan 08, 2020",SBI,😡,"""Need to improve the service""",https://static.bankbazaar.com/images/common/bank-logo/sbi-4.png
ANONYMOUS,"Jan 08, 2020",SBI,😀,"""Good Account""",https://static.bankbazaar.com/images/common/bank-logo/sbi-4.png
ANNALAKSHMI,"Jan 08, 2020",Kotak,🙂,"""Good Bank""",https://static.bankbazaar.com/images/common/bank-logo/kotak.png
MADI,"Jan 08, 2020",SBI,😀,"""Best service""",https://static.bankbazaar.com/images/common/bank-logo/sbi-4.png
NARASIMHA,"Jan 07, 2020",IndusInd Bank,😀,"""Satisfactory""",https://static.bankbazaar.com/images/common/bank-logo/indusind.png
ANONYMOUS,"Jan 07, 2020",SBI,🙂,"""Okay Account""",https://static.bankbazaar.com/images/common/bank-logo/sbi-4.png
ANONYMOUS,"Jan 07, 2020",HDFC Bank,🙂,"""Good Account""",https://static.bankbazaar.com/images/common/bank-logo/hdfc.png
S P,"Jan 07, 2020",HDFC Bank,😀,"""Blindly go with HDFC in terms of service""",https://static.bankbazaar.com/images/common/bank-logo/hdfc.png
ANONYMOUS,"Jan 07, 2020",HDFC Bank,😀,"""Better Account""",https://static.bankbazaar.com/images/common/bank-logo/hdfc.png
ANG,"Jan 07, 2020",SBI,😀,"""Good bank""",https://static.bankbazaar.com/images/common/bank-logo/sbi-4.png
ANONYMOUS,"Jan 07, 2020",SBI,🙂,"""They need to improve a lot""",https://static.bankbazaar.com/images/common/bank-logo/sbi-4.png
TOUT,"Jan 07, 2020",HDFC Bank,😀,"""Good bank """,https://static.bankbazaar.com/images/common/bank-logo/hdfc.png
B S,"Jan 07, 2020",HDFC Bank,😀,"""Excellent service""",https://static.bankbazaar.com/images/common/bank-logo/hdfc.png
KULANTHAIVEL,"Jan 07, 2020",Canara Bank,😀,"""Need to decrease interest charge""",https://static.bankbazaar.com/images/common/bank-logo/canara-bank.png
THIVA,"Jan 06, 2020",HDFC Bank,😀,"""Good Service""",https://static.bankbazaar.com/images/common/bank-logo/hdfc.png
DEEPIKA,"Jan 06, 2020",HDFC Bank,😀,"""Good bank""",https://static.bankbazaar.com/images/common/bank-logo/hdfc.png
PAKA,"Jan 06, 2020",SBI,🙂,"""Need to decrease interest charge""",https://static.bankbazaar.com/images/common/bank-logo/sbi-4.png
F D,"Jan 06, 2020",HDFC Bank,😀,"""Good Account""",https://static.bankbazaar.com/images/common/bank-logo/hdfc.png
K PATEL,"Jan 06, 2020",HDFC Bank,😀,"""Excellent Service""",https://static.bankbazaar.com/images/common/bank-logo/hdfc.png
AR,"Jan 06, 2020",Kotak,😀,"""Transaction is smooth""",https://static.bankbazaar.com/images/common/bank-logo/kotak.png
MAR,"Jan 06, 2020",SBI,😀,"""Good bank """,https://static.bankbazaar.com/images/common/bank-logo/sbi-4.png
AV,"Jan 06, 2020",Axis Bank,🙂,"""Need to decrease interest charge """,https://static.bankbazaar.com/images/common/bank-logo/axis.png
J J,"Jan 06, 2020",HDFC Bank,😀,"""Good Account""",https://static.bankbazaar.com/images/common/bank-logo/hdfc.png
ANONYMOUS,"Jan 05, 2020",Punjab National Bank,😀,"""One of the old bank in India""",https://static.bankbazaar.com/images/common/bank-logo/punjab-national-bank.png
MURALIDHARAN,"Jan 05, 2020",SBI,😀,"""Overall Good Account""",https://static.bankbazaar.com/images/common/bank-logo/sbi-4.png
ANONYMOUS,"Jan 05, 2020",SBI,🙂,"""Time being account""",https://static.bankbazaar.com/images/common/bank-logo/sbi-4.png
ANONYMS,"Jan 05, 2020",Canara Bank,🙂,"""Good Account""",https://static.bankbazaar.com/images/common/bank-logo/canara-bank.png
ANONYMS,"Jan 05, 2020",Kotak,😀,"""100% trusted bank for a family""",https://static.bankbazaar.com/images/common/bank-logo/kotak.png
ANONYMOUS,"Jan 05, 2020",Citibank,😀,"""Good service""",https://static.bankbazaar.com/images/common/bank-logo/citibank.png
A,"Jan 05, 2020",HDFC Bank,😀,"""Ultra business mind""",https://static.bankbazaar.com/images/common/bank-logo/hdfc.png
S K P,"Jan 04, 2020",HDFC Bank,😀,"""Best in industry""",https://static.bankbazaar.com/images/common/bank-logo/hdfc.png
VIK,"Jan 04, 2020",Punjab National Bank,😀,"""Excellent Service""",https://static.bankbazaar.com/images/common/bank-logo/punjab-national-bank.png
ARI,"Jan 04, 2020",Axis Bank,😀,"""Good """,https://static.bankbazaar.com/images/common/bank-logo/axis.png
N NARASIMHA,"Jan 04, 2020",SBI,😞,"""Not Satisfied""",https://static.bankbazaar.com/images/common/bank-logo/sbi-4.png
MHATRE,"Jan 03, 2020",Axis Bank,😀,"""Good Account""",https://static.bankbazaar.com/images/common/bank-logo/axis.png
S DOULA,"Jan 03, 2020",Canara Bank,😐,"""Good Service""",https://static.bankbazaar.com/images/common/bank-logo/canara-bank.png
ANONYMOUS,"Jan 03, 2020",SBI,🙂,"""Good Service""",https://static.bankbazaar.com/images/common/bank-logo/sbi-4.png
THUKRA,"Jan 03, 2020",SBI,😀,"""Good Account """,https://static.bankbazaar.com/images/common/bank-logo/sbi-4.png
M P,"Jan 03, 2020",HDFC Bank,😀,"""Nice Account""",https://static.bankbazaar.com/images/common/bank-logo/hdfc.png
D S M,"Jan 03, 2020",IndusInd Bank,😐,"""Good Account""",https://static.bankbazaar.com/images/common/bank-logo/indusind.png
D S M,"Jan 03, 2020",HDFC Bank,😀,"""Good Bank""",https://static.bankbazaar.com/images/common/bank-logo/hdfc.png
SWAMY,"Jan 02, 2020",SBI,🙂,"""Good saving account """,https://static.bankbazaar.com/images/common/bank-logo/sbi-4.png
RANGA,"Jan 02, 2020",Axis Bank,🙂,"""Good """,https://static.bankbazaar.com/images/common/bank-logo/axis.png
KIRAN,"Jan 02, 2020",Kotak,😞,"""Need to decrease charge """,https://static.bankbazaar.com/images/common/bank-logo/kotak.png
P  DEB,"Jan 02, 2020",SBI,😀,"""Best  Service""",https://static.bankbazaar.com/images/common/bank-logo/sbi-4.png
KUMAR,"Jan 02, 2020",Canara Bank,🙂,"""Good bank """,https://static.bankbazaar.com/images/common/bank-logo/canara-bank.png
RAJ,"Jan 02, 2020",SBI,😀,"""Good Account""",https://static.bankbazaar.com/images/common/bank-logo/sbi-4.png
RAJ,"Jan 02, 2020",HDFC Bank,😀,"""Good Account""",https://static.bankbazaar.com/images/common/bank-logo/hdfc.png
S K,"Jan 02, 2020",SBI,🙂,"""Need to improve the services""",https://static.bankbazaar.com/images/common/bank-logo/sbi-4.png
S K,"Jan 02, 2020",Punjab National Bank,🙂,"""Really good service""",https://static.bankbazaar.com/images/common/bank-logo/punjab-national-bank.png
GODULA,"Jan 02, 2020",HDFC Bank,😐,"""Need to improve mobile app & net banking service """,https://static.bankbazaar.com/images/common/bank-logo/hdfc.png
RAG,"Dec 31, 2019",HDFC Bank,🙂,"""Good account """,https://static.bankbazaar.com/images/common/bank-logo/hdfc.png
VADIVELU,"Dec 31, 2019",IndusInd Bank,😀,"""Good Account""",https://static.bankbazaar.com/images/common/bank-logo/indusind.png
DEVARAPALLI,"Dec 31, 2019",Axis Bank,😐,"""Good saving account """,https://static.bankbazaar.com/images/common/bank-logo/axis.png
PATOND,"Dec 31, 2019",Canara Bank,🙂,"""Very consumer friendly bank""",https://static.bankbazaar.com/images/common/bank-logo/canara-bank.png
ANONYMOUS,"Dec 31, 2019",HDFC Bank,😐,"""They need to improve the ambiance""",https://static.bankbazaar.com/images/common/bank-logo/hdfc.png
S K,"Dec 31, 2019",SBI,😀,"""They have to improve their customer service and staff behavi""",https://static.bankbazaar.com/images/common/bank-logo/sbi-4.png
ANONYMOUS,"Dec 31, 2019",Axis Bank,🙂,"""Good Salary account""",https://static.bankbazaar.com/images/common/bank-logo/axis.png
ANONYMOUS,"Dec 30, 2019",Axis Bank,🙂,"""Best class account""",https://static.bankbazaar.com/images/common/bank-logo/axis.png
KSHIRSAGAR,"Dec 30, 2019",HDFC Bank,😐,"""Good bank""",https://static.bankbazaar.com/images/common/bank-logo/hdfc.png
M  ULLAH,"Dec 30, 2019",SBI,🙂,"""Good Service""",https://static.bankbazaar.com/images/common/bank-logo/sbi-4.png
ANONYMOUS,"Dec 30, 2019",SBI,🙂,"""Okay Account""",https://static.bankbazaar.com/images/common/bank-logo/sbi-4.png
ANONYMOUS,"Dec 30, 2019",HDFC Bank,🙂,"""Good bank""",https://static.bankbazaar.com/images/common/bank-logo/hdfc.png
B MURMU,"Dec 30, 2019",Axis Bank,😀,"""Excellent Service""",https://static.bankbazaar.com/images/common/bank-logo/axis.png
ANONYMOUS,"Dec 30, 2019",Canara Bank,😐,"""Better bank""",https://static.bankbazaar.com/images/common/bank-logo/canara-bank.png
NATHAN,"Dec 29, 2019",Axis Bank,😀,"""Good saving account """,https://static.bankbazaar.com/images/common/bank-logo/axis.png
A S K,"Dec 29, 2019",Axis Bank,😀,"""Perfect banking""",https://static.bankbazaar.com/images/common/bank-logo/axis.png
S K,"Dec 29, 2019",SBI,😀,"""Good Account""",https://static.bankbazaar.com/images/common/bank-logo/sbi-4.png
HATHINISHA,"Dec 29, 2019",IndusInd Bank,😀,"""Superior bank""",https://static.bankbazaar.com/images/common/bank-logo/indusind.png
DEY,"Dec 29, 2019",HDFC Bank,😡,"""Headache account""",https://static.bankbazaar.com/images/common/bank-logo/hdfc.png
DEY,"Dec 29, 2019",Axis Bank,🙂,"""Easy to access""",https://static.bankbazaar.com/images/common/bank-logo/axis.png
S K D,"Dec 29, 2019",SBI,😞,"""Good Account for senior citizen""",https://static.bankbazaar.com/images/common/bank-logo/sbi-4.png
TAL,"Dec 28, 2019",SBI,🙂,"""Good Service""",https://static.bankbazaar.com/images/common/bank-logo/sbi-4.png
KRISHNA,"Dec 28, 2019",Kotak,🙂,"""Need to provide more atms and branches""",https://static.bankbazaar.com/images/common/bank-logo/kotak.png
NATH,"Dec 28, 2019",Axis Bank,😀,"""Good Saving Account""",https://static.bankbazaar.com/images/common/bank-logo/axis.png
KUMAR,"Dec 28, 2019",Axis Bank,😀,"""Good account """,https://static.bankbazaar.com/images/common/bank-logo/axis.png
GARAD,"Dec 28, 2019",Kotak,🙂,"""Good one""",https://static.bankbazaar.com/images/common/bank-logo/kotak.png
GARAD,"Dec 28, 2019",Citibank,🙂,"""Good Account""",https://static.bankbazaar.com/images/common/bank-logo/citibank.png
ANONYMOUS,"Dec 28, 2019",Canara Bank,😀,"""Can improve the speed of server""",https://static.bankbazaar.com/images/common/bank-logo/canara-bank.png
ANONYMOUS,"Dec 28, 2019",HDFC Bank,😀,"""Good bank for salary account""",https://static.bankbazaar.com/images/common/bank-logo/hdfc.png
DHA,"Dec 28, 2019",SBI,😞,"""Need to decrease charge""",https://static.bankbazaar.com/images/common/bank-logo/sbi-4.png
DHA,"Dec 28, 2019",Axis Bank,😀,"""Good """,https://static.bankbazaar.com/images/common/bank-logo/axis.png
G J,"Dec 27, 2019",Kotak,🙂,"""Good Account""",https://static.bankbazaar.com/images/common/bank-logo/kotak.png
MOHAMED,"Dec 27, 2019",SBI,🙂,"""Good Service """,https://static.bankbazaar.com/images/common/bank-logo/sbi-4.png
MOHAN,"Dec 27, 2019",SBI,🙂,"""Many ATMs in SBI""",https://static.bankbazaar.com/images/common/bank-logo/sbi-4.png
RAJ,"Dec 27, 2019",HDFC Bank,🙂,"""Useful bank""",https://static.bankbazaar.com/images/common/bank-logo/hdfc.png
HARA,"Dec 27, 2019",Axis Bank,😀,"""Good """,https://static.bankbazaar.com/images/common/bank-logo/axis.png
Y. G,"Dec 27, 2019",Kotak,😐,"""Best savings account""",https://static.bankbazaar.com/images/common/bank-logo/kotak.png
MOORTHY,"Dec 27, 2019",HDFC Bank,😀,"""Excellent service """,https://static.bankbazaar.com/images/common/bank-logo/hdfc.png
ANONYMOUS,"Dec 27, 2019",HDFC Bank,😀,"""Excellent Service""",https://static.bankbazaar.com/images/common/bank-logo/hdfc.png
WASIM,"Dec 26, 2019",Axis Bank,😀,"""Very Good Service""",https://static.bankbazaar.com/images/common/bank-logo/axis.png
ANONYMOUS,"Dec 26, 2019",SBI,😀,"""Need to improve the branch service""",https://static.bankbazaar.com/images/common/bank-logo/sbi-4.png
ANONYMOUS,"Dec 26, 2019",Kotak,😀,"""Good Savings account""",https://static.bankbazaar.com/images/common/bank-logo/kotak.png
P K,"Dec 26, 2019",HDFC Bank,😀,"""Good banking services""",https://static.bankbazaar.com/images/common/bank-logo/hdfc.png
BINOSMAN,"Dec 26, 2019",SBI,😀,"""Good Service""",https://static.bankbazaar.com/images/common/bank-logo/sbi-4.png
MUKESH,"Dec 26, 2019",SBI,🙂,"""Bank need to improve their services""",https://static.bankbazaar.com/images/common/bank-logo/sbi-4.png
N,"Dec 24, 2019",HDFC Bank,🙂,"""Very good""",https://static.bankbazaar.com/images/common/bank-logo/hdfc.png
N S,"Dec 24, 2019",SBI,🙂,"""Good""",https://static.bankbazaar.com/images/common/bank-logo/sbi-4.png
AP,"Dec 24, 2019",SBI,😞,"""Need to decrease charge """,https://static.bankbazaar.com/images/common/bank-logo/sbi-4.png
R V,"Dec 24, 2019",SBI,😐,"""Operations team and customer care need to be improved""",https://static.bankbazaar.com/images/common/bank-logo/sbi-4.png
R V,"Dec 24, 2019",Kotak,😀,"""Online banking is good when i compare with others""",https://static.bankbazaar.com/images/common/bank-logo/kotak.png
SAN,"Dec 24, 2019",IDBI,😐,"""Good""",https://static.bankbazaar.com/images/common/bank-logo/idbi.png
M  REDDY,"Dec 24, 2019",HDFC Bank,😀,"""Excellent Service""",https://static.bankbazaar.com/images/common/bank-logo/hdfc.png
A  YADAV,"Dec 23, 2019",HDFC Bank,😀,"""Good Service""",https://static.bankbazaar.com/images/common/bank-logo/hdfc.png
S KUMAR,"Dec 23, 2019",SBI,😀,"""User Friendly""",https://static.bankbazaar.com/images/common/bank-logo/sbi-4.png
SANDY,"Dec 23, 2019",HDFC Bank,😀,"""Good Account""",https://static.bankbazaar.com/images/common/bank-logo/hdfc.png
LAXMAN,"Dec 23, 2019",HDFC Bank,😀,"""Excellent Service""",https://static.bankbazaar.com/images/common/bank-logo/hdfc.png
ANONYMOUS,"Dec 23, 2019",Kotak,😀,"""The bank which try to estabilish in the market""",https://static.bankbazaar.com/images/common/bank-logo/kotak.png
ABABU,"Dec 23, 2019",SBI,😀,"""Excellent Service""",https://static.bankbazaar.com/images/common/bank-logo/sbi-4.png
D,"Dec 23, 2019",SBI,😀,"""Best service""",https://static.bankbazaar.com/images/common/bank-logo/sbi-4.png
BABU,"Dec 23, 2019",SBI,😀,"""Excellent Service""",https://static.bankbazaar.com/images/common/bank-logo/sbi-4.png
B N P,"Dec 23, 2019",Kotak,🙂,"""Banking service is not good""",https://static.bankbazaar.com/images/common/bank-logo/kotak.png
VALLAP,"Dec 23, 2019",SBI,🙂,"""Nice banking""",https://static.bankbazaar.com/images/common/bank-logo/sbi-4.png
K  SHAIK,"Dec 22, 2019",SBI,😐,"""Average Service""",https://static.bankbazaar.com/images/common/bank-logo/sbi-4.png
REVATHY,"Dec 22, 2019",Axis Bank,😐,"""Need to decrease charges""",https://static.bankbazaar.com/images/common/bank-logo/axis.png
R,"Dec 22, 2019",Kotak,🙂,"""Good Service""",https://static.bankbazaar.com/images/common/bank-logo/kotak.png
LA,"Dec 22, 2019",SBI,🙂,"""Need to decrease charges""",https://static.bankbazaar.com/images/common/bank-logo/sbi-4.png
RA,"Dec 22, 2019",Axis Bank,😀,"""Need to decrease interest charges""",https://static.bankbazaar.com/images/common/bank-logo/axis.png
TRA,"Dec 22, 2019",IDBI,😀,"""Good Service""",https://static.bankbazaar.com/images/common/bank-logo/idbi.png
BODDU,"Dec 22, 2019",SBI,😀,"""Satisfactory""",https://static.bankbazaar.com/images/common/bank-logo/sbi-4.png
SANKET,"Dec 22, 2019",SBI,😡,"""Average Service""",https://static.bankbazaar.com/images/common/bank-logo/sbi-4.png
P  SAW,"Dec 21, 2019",HDFC Bank,😀,"""Good Service""",https://static.bankbazaar.com/images/common/bank-logo/hdfc.png
AVULA,"Dec 21, 2019",HDFC Bank,😀,"""BEST""",https://static.bankbazaar.com/images/common/bank-logo/hdfc.png
K,"Dec 21, 2019",Canara Bank,🙂,"""Good bank""",https://static.bankbazaar.com/images/common/bank-logo/canara-bank.png
KARTHICK  R,"Dec 21, 2019",Kotak,😀,"""Best savings acount""",https://static.bankbazaar.com/images/common/bank-logo/kotak.png
T,"Dec 21, 2019",Kotak,🙂,"""Good card""",https://static.bankbazaar.com/images/common/bank-logo/kotak.png
DIVYANG J,"Dec 21, 2019",HDFC Bank,😀,"""Best savings account""",https://static.bankbazaar.com/images/common/bank-logo/hdfc.png
ANONYMOUS,"Dec 20, 2019",Axis Bank,🙂,"""Good Account""",https://static.bankbazaar.com/images/common/bank-logo/axis.png
R M,"Dec 20, 2019",Kotak,🙂,"""Good Account""",https://static.bankbazaar.com/images/common/bank-logo/kotak.png
RAJU,"Dec 20, 2019",HDFC Bank,😀,"""Excellent Service""",https://static.bankbazaar.com/images/common/bank-logo/hdfc.png
ANONYMOUS,"Dec 20, 2019",SBI,🙂,"""SBI is better""",https://static.bankbazaar.com/images/common/bank-logo/sbi-4.png
MOUMITA,"Dec 20, 2019",SBI,😀,"""good service""",https://static.bankbazaar.com/images/common/bank-logo/sbi-4.png
MANO,"Dec 20, 2019",SBI,😀,"""Nice one""",https://static.bankbazaar.com/images/common/bank-logo/sbi-4.png
ANONYMOUS,"Dec 20, 2019",Kotak,😀,"""Process was long""",https://static.bankbazaar.com/images/common/bank-logo/kotak.png
ANONYMOUS,"Dec 19, 2019",SBI,🙂,"""Good Bank""",https://static.bankbazaar.com/images/common/bank-logo/sbi-4.png
ANONYMOUS,"Dec 19, 2019",Kotak,🙂,"""Good Account""",https://static.bankbazaar.com/images/common/bank-logo/kotak.png
SARVADE,"Dec 19, 2019",SBI,😀,"""Not the best one""",https://static.bankbazaar.com/images/common/bank-logo/sbi-4.png
SARVADE,"Dec 19, 2019",HDFC Bank,😀,"""Excellent service""",https://static.bankbazaar.com/images/common/bank-logo/hdfc.png
SULEMAN,"Dec 19, 2019",Axis Bank,😀,"""Best  Service""",https://static.bankbazaar.com/images/common/bank-logo/axis.png
PALSARAK,"Dec 19, 2019",SBI,😀,"""Good Account to use""",https://static.bankbazaar.com/images/common/bank-logo/sbi-4.png
ANONYMOUS,"Dec 18, 2019",Axis Bank,😀,"""Service is good but more hidden charges""",https://static.bankbazaar.com/images/common/bank-logo/axis.png
ANONYMOUS,"Dec 18, 2019",Axis Bank,😀,"""Safe guarding my bread and butter money""",https://static.bankbazaar.com/images/common/bank-logo/axis.png
KUMAR,"Dec 18, 2019",HDFC Bank,🙂,"""Good service""",https://static.bankbazaar.com/images/common/bank-logo/hdfc.png
ALI,"Dec 17, 2019",Axis Bank,😀,"""Very Good Account""",https://static.bankbazaar.com/images/common/bank-logo/axis.png
BHASKAR,"Dec 17, 2019",SBI,😀,"""Excellent Service""",https://static.bankbazaar.com/images/common/bank-logo/sbi-4.png
CHRISTOBER,"Dec 17, 2019",HDFC Bank,😀,"""Good Bank """,https://static.bankbazaar.com/images/common/bank-logo/hdfc.png
S Reddy,"Dec 17, 2019",HDFC Bank,🙂,"""Good Service""",https://static.bankbazaar.com/images/common/bank-logo/hdfc.png
ANONYMOUS,"Dec 17, 2019",Axis Bank,😀,"""Very Good Service""",https://static.bankbazaar.com/images/common/bank-logo/axis.png
ANONYMOUS,"Dec 17, 2019",Kotak,😀,"""Excellent Service""",https://static.bankbazaar.com/images/common/bank-logo/kotak.png
ANONYMOUS,"Dec 17, 2019",HDFC Bank,🙂,"""Nice banking""",https://static.bankbazaar.com/images/common/bank-logo/hdfc.png
AMBI,"Dec 17, 2019",HDFC Bank,🙂,"""Good Account""",https://static.bankbazaar.com/images/common/bank-logo/hdfc.png
ANONYMOUS,"Dec 17, 2019",SBI,😞,"""Needs to be improved""",https://static.bankbazaar.com/images/common/bank-logo/sbi-4.png
ANONYMS,"Dec 17, 2019",Axis Bank,😀,"""Excellent Service""",https://static.bankbazaar.com/images/common/bank-logo/axis.png
A  SINGHAL,"Dec 17, 2019",SBI,🙂,"""Good Service""",https://static.bankbazaar.com/images/common/bank-logo/sbi-4.png
NAGARAJAN,"Dec 16, 2019",HDFC Bank,😀,"""Good to use""",https://static.bankbazaar.com/images/common/bank-logo/hdfc.png
H SETHI,"Dec 16, 2019",Kotak,😀,"""Goo""",https://static.bankbazaar.com/images/common/bank-logo/kotak.png
TRUPTHI,"Dec 16, 2019",Axis Bank,🙂,"""Nice Account""",https://static.bankbazaar.com/images/common/bank-logo/axis.png
SHATH,"Dec 16, 2019",IDBI,😀,"""Best  Service""",https://static.bankbazaar.com/images/common/bank-logo/idbi.png
NATARAJAN,"Dec 15, 2019",IndusInd Bank,😀,"""Excellent service""",https://static.bankbazaar.com/images/common/bank-logo/indusind.png
ANONYMS,"Dec 14, 2019",Axis Bank,🙂,"""Okay Account""",https://static.bankbazaar.com/images/common/bank-logo/axis.png
KUMAR,"Dec 14, 2019",HDFC Bank,😀,"""Need to decrease charges""",https://static.bankbazaar.com/images/common/bank-logo/hdfc.png
ANONYMS,"Dec 14, 2019",Canara Bank,😀,"""Very Friendly account""",https://static.bankbazaar.com/images/common/bank-logo/canara-bank.png
ANONYMOUS,"Dec 14, 2019",HDFC Bank,🙂,"""Good """,https://static.bankbazaar.com/images/common/bank-logo/hdfc.png
SUNDAR,"Dec 13, 2019",Kotak,😐,"""Not good service """,https://static.bankbazaar.com/images/common/bank-logo/kotak.png
KANNAPPA,"Dec 13, 2019",Canara Bank,😀,"""Good service """,https://static.bankbazaar.com/images/common/bank-logo/canara-bank.png
S B,"Dec 13, 2019",Axis Bank,😐,"""Not a perfect account for ordinary people""",https://static.bankbazaar.com/images/common/bank-logo/axis.png
ND,"Dec 13, 2019",SBI,😀,"""Need to decrease charges""",https://static.bankbazaar.com/images/common/bank-logo/sbi-4.png
SHAMEERU,"Dec 13, 2019",HDFC Bank,😐,"""Good Service""",https://static.bankbazaar.com/images/common/bank-logo/hdfc.png
SAWHNEY,"Dec 13, 2019",SBI,😀,"""Good Account""",https://static.bankbazaar.com/images/common/bank-logo/sbi-4.png
DARA,"Dec 13, 2019",Axis Bank,😀,"""Good""",https://static.bankbazaar.com/images/common/bank-logo/axis.png
SENTHIL,"Dec 13, 2019",Kotak,😡,"""Need to decrease charges for withdraw the amount""",https://static.bankbazaar.com/images/common/bank-logo/kotak.png
MUTHAMIL,"Dec 13, 2019",HDFC Bank,😀,"""Super Account""",https://static.bankbazaar.com/images/common/bank-logo/hdfc.png
PUTTASWAMY,"Dec 13, 2019",Canara Bank,😀,"""Best  Service""",https://static.bankbazaar.com/images/common/bank-logo/canara-bank.png
A N M,"Dec 13, 2019",SBI,😀,"""Very Good Bank""",https://static.bankbazaar.com/images/common/bank-logo/sbi-4.png
SEKARAN,"Dec 12, 2019",Axis Bank,😀,"""Need to be easy to connect customer service """,https://static.bankbazaar.com/images/common/bank-logo/axis.png
KHED,"Dec 12, 2019",SBI,🙂,"""Good Service""",https://static.bankbazaar.com/images/common/bank-logo/sbi-4.png
SH,"Dec 12, 2019",Axis Bank,😐,"""Good Saving Account""",https://static.bankbazaar.com/images/common/bank-logo/axis.png
PA,"Dec 12, 2019",Canara Bank,🙂,"""Good""",https://static.bankbazaar.com/images/common/bank-logo/canara-bank.png
AR,"Dec 12, 2019",SBI,😀,"""Good bank""",https://static.bankbazaar.com/images/common/bank-logo/sbi-4.png
MURTHY,"Dec 12, 2019",HDFC Bank,😀,"""Need to prefer the customer for premium banking""",https://static.bankbazaar.com/images/common/bank-logo/hdfc.png
KRISH,"Dec 12, 2019",Axis Bank,😀,"""Good bank account """,https://static.bankbazaar.com/images/common/bank-logo/axis.png
ANONYMOUS,"Dec 11, 2019",Axis Bank,😀,"""Good Account""",https://static.bankbazaar.com/images/common/bank-logo/axis.png
ANONYMS,"Dec 11, 2019",SBI,🙂,"""Good Account""",https://static.bankbazaar.com/images/common/bank-logo/sbi-4.png
A O,"Dec 11, 2019",HDFC Bank,😀,"""Best savings account""",https://static.bankbazaar.com/images/common/bank-logo/hdfc.png
P K,"Dec 11, 2019",SBI,😀,"""Best Bank""",https://static.bankbazaar.com/images/common/bank-logo/sbi-4.png
KUMAR,"Dec 11, 2019",Canara Bank,😀,"""Service is better""",https://static.bankbazaar.com/images/common/bank-logo/canara-bank.png
S  SARDAR,"Dec 10, 2019",Kotak,😀,"""Excellent Service""",https://static.bankbazaar.com/images/common/bank-logo/kotak.png
PRANAV,"Dec 10, 2019",HDFC Bank,😀,"""Good bank""",https://static.bankbazaar.com/images/common/bank-logo/hdfc.png
B M,"Dec 10, 2019",SBI,😐,"""Need to improve the customer care""",https://static.bankbazaar.com/images/common/bank-logo/sbi-4.png
MALLELA,"Dec 10, 2019",SBI,😐,"""Need to improve the customer care""",https://static.bankbazaar.com/images/common/bank-logo/sbi-4.png
RAJU,"Dec 10, 2019",Axis Bank,🙂,"""Good Service""",https://static.bankbazaar.com/images/common/bank-logo/axis.png
L K,"Dec 10, 2019",Canara Bank,🙂,"""Good service""",https://static.bankbazaar.com/images/common/bank-logo/canara-bank.png
MURTHY,"Dec 10, 2019",HDFC Bank,🙂,"""Good Service""",https://static.bankbazaar.com/images/common/bank-logo/hdfc.png
NESWANKAR,"Dec 09, 2019",Kotak,😀,"""Good Service""",https://static.bankbazaar.com/images/common/bank-logo/kotak.png
BHIM,"Dec 09, 2019",SBI,😞,"""Best  Service""",https://static.bankbazaar.com/images/common/bank-logo/sbi-4.png
PARDEE,"Dec 09, 2019",IndusInd Bank,🙂,"""Need to decrease charges to maintain account""",https://static.bankbazaar.com/images/common/bank-logo/indusind.png
DHANUSH,"Dec 09, 2019",Kotak,😀,"""Good Service""",https://static.bankbazaar.com/images/common/bank-logo/kotak.png
RAJA,"Dec 09, 2019",Axis Bank,🙂,"""Good service""",https://static.bankbazaar.com/images/common/bank-logo/axis.png
BABU,"Dec 09, 2019",HDFC Bank,🙂,"""Excellent Service""",https://static.bankbazaar.com/images/common/bank-logo/hdfc.png
RAM,"Dec 09, 2019",SBI,😀,"""Good service""",https://static.bankbazaar.com/images/common/bank-logo/sbi-4.png
R,"Dec 09, 2019",Axis Bank,😀,"""Good service""",https://static.bankbazaar.com/images/common/bank-logo/axis.png
J,"Dec 09, 2019",SBI,😀,"""Good bank""",https://static.bankbazaar.com/images/common/bank-logo/sbi-4.png
SAYED,"Dec 08, 2019",Kotak,😀,"""Good bank""",https://static.bankbazaar.com/images/common/bank-logo/kotak.png
ANONYMS,"Dec 08, 2019",HDFC Bank,😀,"""Good Account""",https://static.bankbazaar.com/images/common/bank-logo/hdfc.png
GUJAR,"Dec 07, 2019",Axis Bank,😀,"""Good bank""",https://static.bankbazaar.com/images/common/bank-logo/axis.png
UJJAWAL  K,"Dec 07, 2019",SBI,😐,"""Need to improve in service""",https://static.bankbazaar.com/images/common/bank-logo/sbi-4.png
SHARATH,"Dec 07, 2019",HDFC Bank,😀,"""Excellent Service""",https://static.bankbazaar.com/images/common/bank-logo/hdfc.png
YOGENDRA,"Dec 07, 2019",Kotak,😀,"""Good customer care support""",https://static.bankbazaar.com/images/common/bank-logo/kotak.png
ANONYMS,"Dec 07, 2019",HDFC Bank,😐,"""Best bank""",https://static.bankbazaar.com/images/common/bank-logo/hdfc.png
M Chaudhary,"Dec 07, 2019",Axis Bank,😞,"""Average Service""",https://static.bankbazaar.com/images/common/bank-logo/axis.png
CHAUDHARY,"Dec 07, 2019",Axis Bank,😞,"""Average Service""",https://static.bankbazaar.com/images/common/bank-logo/axis.png
KUMAR,"Dec 07, 2019",Kotak,😀,"""Good Account""",https://static.bankbazaar.com/images/common/bank-logo/kotak.png
PARVEEN,"Dec 07, 2019",Axis Bank,😀,"""Good Account""",https://static.bankbazaar.com/images/common/bank-logo/axis.png
RIZWANA,"Dec 07, 2019",Kotak,😀,"""Excellent Account""",https://static.bankbazaar.com/images/common/bank-logo/kotak.png
M,"Dec 07, 2019",SBI,😀,"""Best savings account""",https://static.bankbazaar.com/images/common/bank-logo/sbi-4.png
Gopal,"Dec 06, 2019",Kotak,😠,"""PLease do not open a bank account in KMB """,https://static.bankbazaar.com/images/common/bank-logo/kotak.png
Bheem,"Dec 05, 2019",IndusInd Bank,😠,"""Worst NRE/NRI services by Indusland Bank""",https://static.bankbazaar.com/images/common/bank-logo/indusind.png
SANAL,"Dec 05, 2019",Canara Bank,😀,"""Good Service""",https://static.bankbazaar.com/images/common/bank-logo/canara-bank.png
REMA,"Dec 05, 2019",SBI,😀,"""Good Service""",https://static.bankbazaar.com/images/common/bank-logo/sbi-4.png
DASAPALLI,"Dec 05, 2019",HDFC Bank,😀,"""Best saving bank""",https://static.bankbazaar.com/images/common/bank-logo/hdfc.png
V Singh,"Dec 05, 2019",Punjab National Bank,🙂,"""Best service""",https://static.bankbazaar.com/images/common/bank-logo/punjab-national-bank.png
PATLOLLA,"Dec 05, 2019",SBI,🙂,"""Best savings account""",https://static.bankbazaar.com/images/common/bank-logo/sbi-4.png
TAMIL,"Dec 05, 2019",SBI,🙂,"""Good Service""",https://static.bankbazaar.com/images/common/bank-logo/sbi-4.png
BHARATH,"Dec 05, 2019",Canara Bank,😀,"""Good service""",https://static.bankbazaar.com/images/common/bank-logo/canara-bank.png
ANONYMS,"Dec 05, 2019",Canara Bank,😀,"""Normal service""",https://static.bankbazaar.com/images/common/bank-logo/canara-bank.png
S P,"Dec 05, 2019",Axis Bank,😀,"""Best savings account""",https://static.bankbazaar.com/images/common/bank-logo/axis.png
NAYAK,"Dec 05, 2019",Axis Bank,😀,"""Very Good Account""",https://static.bankbazaar.com/images/common/bank-logo/axis.png
CHANDU,"Dec 05, 2019",SBI,🙂,"""Lots of hidden charges""",https://static.bankbazaar.com/images/common/bank-logo/sbi-4.png
KRISHNAN,"Dec 04, 2019",SBI,🙂,"""Need to provide more benefits and offers """,https://static.bankbazaar.com/images/common/bank-logo/sbi-4.png
KHARE,"Dec 04, 2019",HDFC Bank,🙂,"""Customer satisfactory account""",https://static.bankbazaar.com/images/common/bank-logo/hdfc.png
RANGA,"Dec 04, 2019",SBI,😐,"""Need to improve customer service""",https://static.bankbazaar.com/images/common/bank-logo/sbi-4.png
ANONYMS,"Dec 04, 2019",Axis Bank,😀,"""Charges are very high""",https://static.bankbazaar.com/images/common/bank-logo/axis.png
S P B,"Dec 04, 2019",HDFC Bank,😞,"""Charges are high""",https://static.bankbazaar.com/images/common/bank-logo/hdfc.png
S P B,"Dec 04, 2019",Canara Bank,🙂,"""Customer service is very nice""",https://static.bankbazaar.com/images/common/bank-logo/canara-bank.png
BILLA,"Dec 04, 2019",SBI,😀,"""Largest bank in India""",https://static.bankbazaar.com/images/common/bank-logo/sbi-4.png
M R,"Dec 03, 2019",Canara Bank,😐,"""Good Bank""",https://static.bankbazaar.com/images/common/bank-logo/canara-bank.png
PADHI,"Dec 03, 2019",Kotak,🙂,"""Customer support is very good""",https://static.bankbazaar.com/images/common/bank-logo/kotak.png
SH,"Dec 03, 2019",SBI,🙂,"""Good Service""",https://static.bankbazaar.com/images/common/bank-logo/sbi-4.png
V C,"Dec 03, 2019",Canara Bank,😀,"""Good Bank""",https://static.bankbazaar.com/images/common/bank-logo/canara-bank.png
ANONYMS,"Dec 03, 2019",SBI,🙂,"""Okay banking""",https://static.bankbazaar.com/images/common/bank-logo/sbi-4.png
DATTA,"Dec 03, 2019",IndusInd Bank,🙂,"""Best  Service""",https://static.bankbazaar.com/images/common/bank-logo/indusind.png
PA,"Dec 03, 2019",SBI,🙂,"""Good""",https://static.bankbazaar.com/images/common/bank-logo/sbi-4.png
DALA,"Dec 03, 2019",Axis Bank,🙂,"""Good """,https://static.bankbazaar.com/images/common/bank-logo/axis.png
PAGADALA,"Dec 03, 2019",HDFC Bank,😐,"""Need to decrease charges""",https://static.bankbazaar.com/images/common/bank-logo/hdfc.png
HARIKESH Y,"Dec 02, 2019",SBI,🙂,"""Best savings account""",https://static.bankbazaar.com/images/common/bank-logo/sbi-4.png
SHRIPATI,"Dec 01, 2019",Axis Bank,😀,"""Excellent Service""",https://static.bankbazaar.com/images/common/bank-logo/axis.png
ARVIND,"Dec 01, 2019",IndusInd Bank,😀,"""Excellent Service""",https://static.bankbazaar.com/images/common/bank-logo/indusind.png
ROHI,"Dec 01, 2019",Axis Bank,😀,"""Good Service""",https://static.bankbazaar.com/images/common/bank-logo/axis.png
GH,"Nov 30, 2019",Axis Bank,😀,"""Good Service""",https://static.bankbazaar.com/images/common/bank-logo/axis.png
THAKUR,"Nov 30, 2019",Axis Bank,😀,"""Good Service""",https://static.bankbazaar.com/images/common/bank-logo/axis.png
GANDU,"Nov 30, 2019",SBI,😀,"""Good Service""",https://static.bankbazaar.com/images/common/bank-logo/sbi-4.png
LALIT,"Nov 30, 2019",HDFC Bank,🙂,"""Excellent Service""",https://static.bankbazaar.com/images/common/bank-logo/hdfc.png
SHELAR,"Nov 30, 2019",Axis Bank,😀,"""Excellent Service""",https://static.bankbazaar.com/images/common/bank-logo/axis.png
MEENA,"Nov 30, 2019",SBI,😐,"""Good Service""",https://static.bankbazaar.com/images/common/bank-logo/sbi-4.png
PRADEEP,"Nov 29, 2019",HDFC Bank,🙂,"""Excellent service""",https://static.bankbazaar.com/images/common/bank-logo/hdfc.png
BABULAL,"Nov 29, 2019",SBI,🙂,"""Best savings account""",https://static.bankbazaar.com/images/common/bank-logo/sbi-4.png
SA,"Nov 29, 2019",Axis Bank,😐,"""Need to reduce interest rate """,https://static.bankbazaar.com/images/common/bank-logo/axis.png
YAM,"Nov 29, 2019",Punjab National Bank,😀,"""Good Service""",https://static.bankbazaar.com/images/common/bank-logo/punjab-national-bank.png
SAI,"Nov 29, 2019",HDFC Bank,😀,"""Good Service""",https://static.bankbazaar.com/images/common/bank-logo/hdfc.png
EN,"Nov 29, 2019",SBI,😐,"""Good Service""",https://static.bankbazaar.com/images/common/bank-logo/sbi-4.png
NARAYANA,"Nov 29, 2019",HDFC Bank,🙂,"""Best savings account""",https://static.bankbazaar.com/images/common/bank-logo/hdfc.png
HUSAIN,"Nov 29, 2019",Punjab National Bank,🙂,"""Good savings account""",https://static.bankbazaar.com/images/common/bank-logo/punjab-national-bank.png
KUMAR,"Nov 29, 2019",HDFC Bank,🙂,"""Best savings account""",https://static.bankbazaar.com/images/common/bank-logo/hdfc.png
VIJESH,"Nov 28, 2019",HDFC Bank,🙂,"""Good Service""",https://static.bankbazaar.com/images/common/bank-logo/hdfc.png
GURU,"Nov 28, 2019",Axis Bank,🙂,"""Good""",https://static.bankbazaar.com/images/common/bank-logo/axis.png
GELLA,"Nov 28, 2019",SBI,😀,"""Best savings account""",https://static.bankbazaar.com/images/common/bank-logo/sbi-4.png
VENGATESAN,"Nov 28, 2019",HDFC Bank,🙂,"""Good Account""",https://static.bankbazaar.com/images/common/bank-logo/hdfc.png
JO,"Nov 28, 2019",HDFC Bank,🙂,"""Good""",https://static.bankbazaar.com/images/common/bank-logo/hdfc.png
JOHN,"Nov 28, 2019",SBI,🙂,"""Need to decrease hidden charges""",https://static.bankbazaar.com/images/common/bank-logo/sbi-4.png
VITHAL,"Nov 28, 2019",HDFC Bank,😀,"""Good Service""",https://static.bankbazaar.com/images/common/bank-logo/hdfc.png
VEENA,"Nov 27, 2019",HDFC Bank,😀,"""Best  Service""",https://static.bankbazaar.com/images/common/bank-logo/hdfc.png
S,"Nov 27, 2019",HDFC Bank,😀,"""Excellent service""",https://static.bankbazaar.com/images/common/bank-logo/hdfc.png
GOVARDHAN,"Nov 27, 2019",Axis Bank,😀,"""Best bank""",https://static.bankbazaar.com/images/common/bank-logo/axis.png
GOVARDHAN  YALANATI,"Nov 27, 2019",IDBI,🙂,"""Best savings account""",https://static.bankbazaar.com/images/common/bank-logo/idbi.png
RAJU,"Nov 27, 2019",Kotak,🙂,"""Best  Service""",https://static.bankbazaar.com/images/common/bank-logo/kotak.png
PRAKASH,"Nov 27, 2019",HDFC Bank,😀,"""Good saving account""",https://static.bankbazaar.com/images/common/bank-logo/hdfc.png
ANONYMS,"Nov 26, 2019",SBI,🙂,"""Process has to be fast""",https://static.bankbazaar.com/images/common/bank-logo/sbi-4.png
M,"Nov 26, 2019",Punjab National Bank,🙂,"""Good """,https://static.bankbazaar.com/images/common/bank-logo/punjab-national-bank.png
A L,"Nov 26, 2019",Axis Bank,🙂,"""Mobile app is good""",https://static.bankbazaar.com/images/common/bank-logo/axis.png
ANONYMS,"Nov 26, 2019",Axis Bank,🙂,"""Unhappy with the charges""",https://static.bankbazaar.com/images/common/bank-logo/axis.png
SAJJANOJU,"Nov 26, 2019",Axis Bank,😀,"""Good Bank""",https://static.bankbazaar.com/images/common/bank-logo/axis.png
